시도,시군구,도로형태,발생건수,사망자수,부상자수,중상,경상,부상신고
서울,종로구,터널안,9,0,13,2,10,1
서울,종로구,교량위,4,0,6,3,3,0
서울,종로구,지하차도(도로)내,2,0,2,0,2,0
서울,종로구,기타단일로,833,6,1107,284,660,163
서울,종로구,교차로내,276,0,416,87,284,45
서울,종로구,교차로부근,185,0,255,65,165,25
서울,종로구,횡단보도상,45,2,48,15,26,7
서울,종로구,횡단보도부근,35,0,48,6,25,17
서울,종로구,기타/불명,25,0,38,9,27,2
서울,중구,터널안,14,0,37,14,20,3
서울,중구,고가도로위,8,0,10,4,5,1
서울,중구,기타단일로,705,2,943,241,593,109
서울,중구,교차로내,249,1,345,110,193,42
서울,중구,교차로부근,261,2,341,89,215,37
서울,중구,횡단보도상,38,1,43,23,14,6
서울,중구,횡단보도부근,30,1,45,8,29,8
서울,중구,기타/불명,33,1,39,11,25,3
서울,용산구,터널안,5,1,5,1,3,1
서울,용산구,교량위,56,1,108,24,73,11
서울,용산구,고가도로위,12,0,19,5,14,0
서울,용산구,지하차도(도로)내,5,1,6,3,2,1
서울,용산구,기타단일로,875,8,1237,278,839,120
서울,용산구,교차로내,223,3,293,74,193,26
서울,용산구,교차로부근,244,1,340,86,230,24
서울,용산구,횡단보도상,50,2,50,27,19,4
서울,용산구,횡단보도부근,26,1,26,8,17,1
서울,용산구,기타/불명,20,0,26,7,19,0
서울,성동구,터널안,3,0,4,1,3,0
서울,성동구,교량위,38,0,68,6,52,10
서울,성동구,고가도로위,3,0,5,0,3,2
서울,성동구,지하차도(도로)내,1,1,0,0,0,0
서울,성동구,기타단일로,678,6,980,271,572,137
서울,성동구,교차로내,298,0,393,126,204,63
서울,성동구,교차로부근,158,1,220,64,118,38
서울,성동구,횡단보도상,36,0,42,18,20,4
서울,성동구,횡단보도부근,3,0,4,1,3,0
서울,성동구,기타/불명,9,0,9,2,6,1
서울,동대문구,터널안,1,0,1,0,1,0
서울,동대문구,교량위,4,0,8,1,7,0
서울,동대문구,고가도로위,2,0,4,0,4,0
서울,동대문구,지하차도(도로)내,5,0,7,3,4,0
서울,동대문구,기타단일로,928,7,1213,305,791,117
서울,동대문구,교차로내,587,5,777,206,505,66
서울,동대문구,교차로부근,340,1,461,107,313,41
서울,동대문구,횡단보도상,67,0,73,30,37,6
서울,동대문구,횡단보도부근,42,1,53,11,34,8
서울,동대문구,기타/불명,109,2,134,39,90,5
서울,성북구,터널안,7,1,19,5,14,0
서울,성북구,교량위,4,0,4,0,4,0
서울,성북구,고가도로위,14,0,25,2,23,0
서울,성북구,기타단일로,872,15,1161,300,754,107
서울,성북구,교차로내,406,2,572,137,395,40
서울,성북구,교차로부근,229,0,326,78,217,31
서울,성북구,횡단보도상,100,1,112,39,66,7
서울,성북구,횡단보도부근,38,0,56,14,39,3
서울,성북구,기타/불명,10,0,11,1,7,3
서울,도봉구,교량위,1,0,2,0,2,0
서울,도봉구,지하차도(도로)내,2,0,5,0,4,1
서울,도봉구,기타단일로,354,1,475,137,284,54
서울,도봉구,교차로내,332,3,467,136,263,68
서울,도봉구,교차로부근,153,2,223,55,131,37
서울,도봉구,횡단보도상,33,2,34,17,12,5
서울,도봉구,횡단보도부근,26,0,35,15,20,0
서울,도봉구,기타/불명,13,0,14,1,9,4
서울,은평구,터널안,1,0,1,1,0,0
서울,은평구,교량위,1,0,1,0,1,0
서울,은평구,기타단일로,531,7,698,186,421,91
서울,은평구,교차로내,322,4,484,125,301,58
서울,은평구,교차로부근,255,2,378,91,243,44
서울,은평구,횡단보도상,54,2,58,22,26,10
서울,은평구,횡단보도부근,22,1,33,8,21,4
서울,은평구,기타/불명,17,0,20,5,12,3
서울,서대문구,터널안,1,0,1,0,1,0
서울,서대문구,교량위,3,0,3,1,2,0
서울,서대문구,고가도로위,10,0,17,8,8,1
서울,서대문구,지하차도(도로)내,1,0,1,0,0,1
서울,서대문구,기타단일로,651,9,886,236,515,135
서울,서대문구,교차로내,220,3,350,98,201,51
서울,서대문구,교차로부근,108,0,148,41,87,20
서울,서대문구,횡단보도상,40,0,43,18,23,2
서울,서대문구,횡단보도부근,14,1,15,6,8,1
서울,서대문구,기타/불명,23,0,28,8,9,11
서울,마포구,터널안,3,0,14,6,7,1
서울,마포구,교량위,37,0,122,21,87,14
서울,마포구,고가도로위,6,0,18,5,12,1
서울,마포구,지하차도(도로)내,1,0,1,1,0,0
서울,마포구,기타단일로,993,12,1434,357,940,137
서울,마포구,교차로내,374,2,588,162,375,51
서울,마포구,교차로부근,271,0,422,95,291,36
서울,마포구,횡단보도상,62,2,64,30,31,3
서울,마포구,횡단보도부근,31,1,41,21,19,1
서울,마포구,기타/불명,24,0,26,8,13,5
서울,강서구,터널안,4,0,7,1,2,4
서울,강서구,교량위,5,0,10,5,5,0
서울,강서구,고가도로위,1,0,1,0,0,1
서울,강서구,지하차도(도로)내,3,0,13,2,11,0
서울,강서구,기타단일로,952,5,1330,301,907,122
서울,강서구,교차로내,420,4,692,173,453,66
서울,강서구,교차로부근,401,2,532,119,371,42
서울,강서구,횡단보도상,44,1,45,19,26,0
서울,강서구,횡단보도부근,16,0,20,7,13,0
서울,강서구,기타/불명,86,0,112,21,65,26
서울,구로구,터널안,3,0,6,1,5,0
서울,구로구,교량위,15,0,29,8,20,1
서울,구로구,고가도로위,5,0,6,1,5,0
서울,구로구,지하차도(도로)내,8,0,16,4,11,1
서울,구로구,기타단일로,752,8,1068,254,705,109
서울,구로구,교차로내,367,4,552,148,335,69
서울,구로구,교차로부근,201,4,263,60,176,27
서울,구로구,횡단보도상,113,3,126,65,47,14
서울,구로구,횡단보도부근,34,0,51,15,33,3
서울,구로구,기타/불명,10,0,10,3,4,3
서울,영등포구,터널안,2,0,4,0,4,0
서울,영등포구,교량위,36,1,64,8,43,13
서울,영등포구,고가도로위,21,0,41,8,31,2
서울,영등포구,지하차도(도로)내,4,1,4,2,2,0
서울,영등포구,기타단일로,1047,12,1463,315,962,186
서울,영등포구,교차로내,610,3,992,238,634,120
서울,영등포구,교차로부근,477,6,670,130,434,106
서울,영등포구,횡단보도상,81,4,81,30,47,4
서울,영등포구,횡단보도부근,29,0,36,17,17,2
서울,영등포구,기타/불명,155,1,209,48,146,15
서울,동작구,터널안,1,0,1,0,1,0
서울,동작구,교량위,7,0,17,3,12,2
서울,동작구,고가도로위,3,0,4,1,3,0
서울,동작구,지하차도(도로)내,1,0,1,0,1,0
서울,동작구,기타단일로,755,5,1086,247,703,136
서울,동작구,교차로내,284,2,423,90,270,63
서울,동작구,교차로부근,237,0,348,65,247,36
서울,동작구,횡단보도상,69,0,77,32,34,11
서울,동작구,횡단보도부근,20,0,26,8,18,0
서울,동작구,기타/불명,9,0,11,1,9,1
서울,관악구,터널안,2,0,3,0,2,1
서울,관악구,교량위,2,0,3,0,3,0
서울,관악구,지하차도(도로)내,2,0,3,0,3,0
서울,관악구,기타단일로,922,5,1204,273,832,99
서울,관악구,교차로내,320,3,419,111,279,29
서울,관악구,교차로부근,272,3,368,82,250,36
서울,관악구,횡단보도상,41,1,45,20,23,2
서울,관악구,횡단보도부근,22,0,32,7,19,6
서울,관악구,기타/불명,42,0,58,8,50,0
서울,강남구,터널안,7,0,9,3,4,2
서울,강남구,교량위,23,0,59,12,36,11
서울,강남구,고가도로위,6,0,8,0,7,1
서울,강남구,지하차도(도로)내,1,0,2,2,0,0
서울,강남구,기타단일로,2062,12,2919,556,1985,378
서울,강남구,교차로내,773,3,1142,289,721,132
서울,강남구,교차로부근,723,3,1055,190,741,124
서울,강남구,횡단보도상,111,1,137,45,80,12
서울,강남구,횡단보도부근,193,1,273,55,184,34
서울,강남구,기타/불명,71,0,82,21,49,12
서울,강동구,교량위,7,0,10,4,5,1
서울,강동구,고가도로위,1,0,4,2,2,0
서울,강동구,기타단일로,765,13,1104,292,723,89
서울,강동구,교차로내,327,3,478,123,315,40
서울,강동구,교차로부근,244,5,346,65,257,24
서울,강동구,횡단보도상,60,1,61,30,28,3
서울,강동구,횡단보도부근,17,0,21,9,10,2
서울,강동구,기타/불명,73,1,105,18,87,0
서울,송파구,터널안,1,0,3,0,3,0
서울,송파구,교량위,25,0,44,12,28,4
서울,송파구,고가도로위,2,0,7,4,3,0
서울,송파구,지하차도(도로)내,4,0,6,2,3,1
서울,송파구,기타단일로,1220,6,1635,406,998,231
서울,송파구,교차로내,699,6,1007,256,585,166
서울,송파구,교차로부근,535,1,826,163,527,136
서울,송파구,횡단보도상,108,3,114,49,51,14
서울,송파구,횡단보도부근,36,0,49,12,25,12
서울,송파구,기타/불명,57,0,72,24,26,22
서울,서초구,터널안,7,1,20,5,15,0
서울,서초구,교량위,14,0,54,4,28,22
서울,서초구,고가도로위,14,0,21,7,13,1
서울,서초구,지하차도(도로)내,4,0,8,6,2,0
서울,서초구,기타단일로,1303,14,2117,480,1418,219
서울,서초구,교차로내,334,1,497,131,329,37
서울,서초구,교차로부근,330,3,454,109,298,47
서울,서초구,횡단보도상,63,0,68,35,27,6
서울,서초구,횡단보도부근,38,1,53,15,30,8
서울,서초구,기타/불명,53,0,66,31,30,5
서울,양천구,터널안,5,1,14,0,13,1
서울,양천구,교량위,4,0,7,1,6,0
서울,양천구,지하차도(도로)내,2,0,2,1,1,0
서울,양천구,기타단일로,898,9,1241,298,844,99
서울,양천구,교차로내,354,3,495,134,322,39
서울,양천구,교차로부근,264,0,395,73,287,35
서울,양천구,횡단보도상,43,0,48,21,21,6
서울,양천구,횡단보도부근,11,1,11,3,6,2
서울,양천구,기타/불명,15,0,18,4,13,1
서울,중랑구,터널안,10,2,19,5,12,2
서울,중랑구,교량위,6,0,10,3,6,1
서울,중랑구,고가도로위,2,0,5,1,4,0
서울,중랑구,지하차도(도로)내,4,0,5,1,4,0
서울,중랑구,기타단일로,794,6,1038,246,648,144
서울,중랑구,교차로내,545,4,722,190,419,113
서울,중랑구,교차로부근,261,2,357,89,220,48
서울,중랑구,횡단보도상,62,1,68,29,29,10
서울,중랑구,횡단보도부근,22,1,27,11,13,3
서울,중랑구,기타/불명,16,0,18,3,12,3
서울,노원구,터널안,8,0,25,5,13,7
서울,노원구,교량위,8,0,12,2,9,1
서울,노원구,고가도로위,2,0,2,0,2,0
서울,노원구,지하차도(도로)내,7,1,8,0,8,0
서울,노원구,기타단일로,606,7,903,193,588,122
서울,노원구,교차로내,373,5,521,148,297,76
서울,노원구,교차로부근,323,2,476,129,287,60
서울,노원구,횡단보도상,62,0,64,18,39,7
서울,노원구,횡단보도부근,25,0,32,11,19,2
서울,노원구,기타/불명,45,0,55,12,40,3
서울,광진구,교량위,24,0,44,9,34,1
서울,광진구,고가도로위,7,0,9,3,5,1
서울,광진구,지하차도(도로)내,1,0,1,1,0,0
서울,광진구,기타단일로,726,10,1028,272,651,105
서울,광진구,교차로내,252,4,362,109,213,40
서울,광진구,교차로부근,151,1,217,62,140,15
서울,광진구,횡단보도상,44,0,50,24,25,1
서울,광진구,횡단보도부근,11,2,12,4,8,0
서울,광진구,기타/불명,19,0,21,7,11,3
서울,강북구,지하차도(도로)내,1,0,1,0,1,0
서울,강북구,기타단일로,654,8,868,207,597,64
서울,강북구,교차로내,337,4,490,130,333,27
서울,강북구,교차로부근,162,4,200,47,145,8
서울,강북구,횡단보도상,66,0,72,29,42,1
서울,강북구,횡단보도부근,26,0,32,12,15,5
서울,강북구,기타/불명,19,0,21,4,15,2
서울,금천구,터널안,2,0,2,0,2,0
서울,금천구,교량위,9,0,25,5,19,1
서울,금천구,고가도로위,1,0,4,1,3,0
서울,금천구,지하차도(도로)내,1,0,1,0,1,0
서울,금천구,기타단일로,407,4,604,119,439,46
서울,금천구,교차로내,283,3,411,91,279,41
서울,금천구,교차로부근,142,0,239,40,184,15
서울,금천구,횡단보도상,47,2,57,25,26,6
서울,금천구,횡단보도부근,12,0,18,7,11,0
서울,금천구,기타/불명,10,1,13,3,9,1
부산,중구,터널안,2,1,3,1,2,0
부산,중구,교량위,2,0,7,4,3,0
부산,중구,고가도로위,4,0,12,2,3,7
부산,중구,기타단일로,192,2,249,85,147,17
부산,중구,교차로내,86,0,125,39,81,5
부산,중구,교차로부근,21,1,29,3,21,5
부산,중구,횡단보도상,20,2,20,11,8,1
부산,중구,횡단보도부근,9,0,10,3,6,1
부산,중구,기타/불명,1,0,1,0,1,0
부산,서구,터널안,9,0,21,4,16,1
부산,서구,교량위,2,0,3,1,1,1
부산,서구,고가도로위,1,0,1,1,0,0
부산,서구,기타단일로,279,6,423,127,265,31
부산,서구,교차로내,115,0,194,52,125,17
부산,서구,교차로부근,70,1,99,24,63,12
부산,서구,횡단보도상,24,0,25,18,6,1
부산,서구,횡단보도부근,14,0,20,9,11,0
부산,동구,터널안,6,0,12,3,5,4
부산,동구,고가도로위,9,1,14,5,7,2
부산,동구,기타단일로,325,8,424,142,251,31
부산,동구,교차로내,106,2,149,32,109,8
부산,동구,교차로부근,62,1,76,30,43,3
부산,동구,횡단보도상,12,0,15,9,5,1
부산,동구,횡단보도부근,6,0,8,4,3,1
부산,동구,기타/불명,2,0,2,1,1,0
부산,영도구,교량위,12,0,23,6,16,1
부산,영도구,기타단일로,204,4,262,88,166,8
부산,영도구,교차로내,102,0,142,42,94,6
부산,영도구,교차로부근,24,0,32,14,18,0
부산,영도구,횡단보도상,18,2,20,13,6,1
부산,영도구,횡단보도부근,9,0,13,6,7,0
부산,영도구,기타/불명,25,0,32,11,20,1
부산,부산진구,터널안,8,0,23,8,14,1
부산,부산진구,교량위,2,0,3,1,2,0
부산,부산진구,고가도로위,21,0,33,7,24,2
부산,부산진구,지하차도(도로)내,2,0,10,0,10,0
부산,부산진구,기타단일로,798,9,1047,378,605,64
부산,부산진구,교차로내,344,2,541,191,307,43
부산,부산진구,교차로부근,144,1,201,55,137,9
부산,부산진구,횡단보도상,82,2,82,46,33,3
부산,부산진구,횡단보도부근,12,2,10,3,7,0
부산,부산진구,기타/불명,18,0,22,5,16,1
부산,동래구,터널안,10,0,22,4,15,3
부산,동래구,지하차도(도로)내,2,0,3,1,2,0
부산,동래구,기타단일로,570,5,719,269,406,44
부산,동래구,교차로내,268,3,372,132,220,20
부산,동래구,교차로부근,95,1,113,45,62,6
부산,동래구,횡단보도상,62,0,67,33,29,5
부산,동래구,횡단보도부근,12,0,13,6,5,2
부산,남구,터널안,23,0,60,15,38,7
부산,남구,교량위,8,2,14,4,9,1
부산,남구,고가도로위,3,0,5,2,3,0
부산,남구,지하차도(도로)내,2,0,4,0,4,0
부산,남구,기타단일로,475,5,661,194,385,82
부산,남구,교차로내,190,2,261,81,156,24
부산,남구,교차로부근,113,0,142,42,91,9
부산,남구,횡단보도상,40,1,43,24,18,1
부산,남구,횡단보도부근,18,0,24,6,18,0
부산,남구,기타/불명,14,0,17,8,9,0
부산,북구,교량위,6,0,10,5,5,0
부산,북구,고가도로위,1,0,2,0,1,1
부산,북구,기타단일로,438,10,611,177,388,46
부산,북구,교차로내,171,0,266,84,174,8
부산,북구,교차로부근,80,0,116,35,78,3
부산,북구,횡단보도상,33,0,37,22,14,1
부산,북구,횡단보도부근,8,0,9,4,4,1
부산,북구,기타/불명,12,0,17,2,15,0
부산,해운대구,터널안,12,0,29,7,18,4
부산,해운대구,교량위,13,3,19,6,12,1
부산,해운대구,고가도로위,3,0,8,1,7,0
부산,해운대구,기타단일로,613,8,813,255,493,65
부산,해운대구,교차로내,344,4,527,175,312,40
부산,해운대구,교차로부근,217,1,305,77,193,35
부산,해운대구,횡단보도상,50,0,54,26,26,2
부산,해운대구,횡단보도부근,15,0,16,7,9,0
부산,해운대구,기타/불명,11,0,13,5,8,0
부산,사하구,교량위,3,0,10,2,8,0
부산,사하구,고가도로위,3,0,11,4,7,0
부산,사하구,기타단일로,649,8,861,234,539,88
부산,사하구,교차로내,277,3,452,129,273,50
부산,사하구,교차로부근,133,2,185,52,119,14
부산,사하구,횡단보도상,50,0,58,23,32,3
부산,사하구,횡단보도부근,8,0,9,6,2,1
부산,사하구,기타/불명,36,0,47,13,29,5
부산,금정구,터널안,1,0,1,0,1,0
부산,금정구,교량위,2,0,5,0,2,3
부산,금정구,고가도로위,2,0,4,1,3,0
부산,금정구,기타단일로,525,3,691,212,354,125
부산,금정구,교차로내,295,1,405,120,228,57
부산,금정구,교차로부근,116,2,160,41,95,24
부산,금정구,횡단보도상,35,0,38,21,13,4
부산,금정구,횡단보도부근,6,0,8,5,0,3
부산,금정구,기타/불명,2,0,6,1,3,2
부산,강서구,터널안,2,1,1,1,0,0
부산,강서구,교량위,5,0,7,2,4,1
부산,강서구,고가도로위,4,0,8,2,6,0
부산,강서구,기타단일로,274,13,443,163,242,38
부산,강서구,교차로내,204,8,322,144,150,28
부산,강서구,교차로부근,112,3,209,89,109,11
부산,강서구,횡단보도상,14,1,16,12,4,0
부산,강서구,횡단보도부근,7,2,9,1,8,0
부산,강서구,기타/불명,8,0,10,3,6,1
부산,연제구,터널안,1,0,1,0,1,0
부산,연제구,교량위,1,0,1,1,0,0
부산,연제구,기타단일로,357,5,441,135,276,30
부산,연제구,교차로내,168,0,238,90,128,20
부산,연제구,교차로부근,99,2,114,45,65,4
부산,연제구,횡단보도상,42,0,45,27,17,1
부산,연제구,횡단보도부근,10,0,11,5,6,0
부산,수영구,터널안,3,1,4,2,1,1
부산,수영구,교량위,6,0,13,2,9,2
부산,수영구,지하차도(도로)내,2,0,2,1,1,0
부산,수영구,기타단일로,420,5,538,159,334,45
부산,수영구,교차로내,180,2,259,74,160,25
부산,수영구,교차로부근,87,2,110,38,62,10
부산,수영구,횡단보도상,35,0,36,20,14,2
부산,수영구,횡단보도부근,12,0,15,9,4,2
부산,수영구,기타/불명,11,0,12,2,9,1
부산,사상구,터널안,1,0,1,0,1,0
부산,사상구,교량위,5,0,12,1,9,2
부산,사상구,고가도로위,5,0,13,4,9,0
부산,사상구,기타단일로,508,8,769,235,436,98
부산,사상구,교차로내,248,2,404,106,251,47
부산,사상구,교차로부근,141,0,221,47,162,12
부산,사상구,횡단보도상,32,1,34,16,17,1
부산,사상구,횡단보도부근,5,0,6,3,2,1
부산,사상구,기타/불명,10,0,10,5,5,0
부산,기장군,터널안,5,0,9,2,5,2
부산,기장군,고가도로위,1,0,3,0,0,3
부산,기장군,기타단일로,210,9,339,100,209,30
부산,기장군,교차로내,135,1,237,58,157,22
부산,기장군,교차로부근,84,1,147,30,106,11
부산,기장군,횡단보도상,7,0,10,4,6,0
부산,기장군,횡단보도부근,1,0,2,1,1,0
부산,기장군,기타/불명,16,0,21,6,9,6
경기,수원시,터널안,8,0,35,3,27,5
경기,수원시,교량위,12,0,22,7,13,2
경기,수원시,고가도로위,13,0,24,4,20,0
경기,수원시,지하차도(도로)내,13,0,19,2,16,1
경기,수원시,기타단일로,2477,18,3595,735,2630,230
경기,수원시,교차로내,1558,15,2354,595,1625,134
경기,수원시,교차로부근,907,3,1383,269,1029,85
경기,수원시,횡단보도상,117,2,122,42,70,10
경기,수원시,횡단보도부근,43,1,56,18,35,3
경기,수원시,기타/불명,85,0,100,18,72,10
경기,성남시,터널안,14,1,29,10,19,0
경기,성남시,교량위,10,0,22,4,16,2
경기,성남시,고가도로위,6,0,7,3,4,0
경기,성남시,지하차도(도로)내,7,1,6,3,2,1
경기,성남시,기타단일로,1817,23,2872,780,1867,225
경기,성남시,교차로내,839,5,1332,394,838,100
경기,성남시,교차로부근,763,6,1058,302,697,59
경기,성남시,횡단보도상,57,0,62,20,37,5
경기,성남시,횡단보도부근,17,0,21,9,12,0
경기,성남시,기타/불명,199,4,256,61,179,16
경기,의정부시,터널안,4,0,11,4,4,3
경기,의정부시,교량위,3,0,13,0,13,0
경기,의정부시,고가도로위,3,0,9,0,9,0
경기,의정부시,지하차도(도로)내,3,0,4,2,2,0
경기,의정부시,기타단일로,702,8,1021,214,702,105
경기,의정부시,교차로내,487,7,780,169,530,81
경기,의정부시,교차로부근,315,4,431,87,291,53
경기,의정부시,횡단보도상,56,1,60,31,25,4
경기,의정부시,횡단보도부근,17,0,19,8,10,1
경기,의정부시,기타/불명,112,2,149,31,102,16
경기,안양시,터널안,9,0,19,4,13,2
경기,안양시,교량위,16,0,26,5,19,2
경기,안양시,고가도로위,4,0,5,0,5,0
경기,안양시,지하차도(도로)내,6,0,12,2,9,1
경기,안양시,기타단일로,1040,12,1476,332,1060,84
경기,안양시,교차로내,547,7,844,237,560,47
경기,안양시,교차로부근,418,4,629,138,449,42
경기,안양시,횡단보도상,58,0,60,33,24,3
경기,안양시,횡단보도부근,28,0,46,17,25,4
경기,안양시,기타/불명,6,0,7,3,4,0
경기,부천시,터널안,1,0,5,1,4,0
경기,부천시,교량위,5,0,6,1,4,1
경기,부천시,고가도로위,16,0,22,4,15,3
경기,부천시,지하차도(도로)내,6,0,6,2,4,0
경기,부천시,기타단일로,1372,11,1860,407,1303,150
경기,부천시,교차로내,1060,12,1566,353,1088,125
경기,부천시,교차로부근,671,9,990,225,702,63
경기,부천시,횡단보도상,119,3,126,50,64,12
경기,부천시,횡단보도부근,31,3,46,9,32,5
경기,부천시,기타/불명,81,0,96,15,67,14
경기,안산시,터널안,2,0,4,0,4,0
경기,안산시,교량위,10,0,11,3,8,0
경기,안산시,고가도로위,4,0,7,6,1,0
경기,안산시,지하차도(도로)내,13,0,19,5,13,1
경기,안산시,기타단일로,1791,29,2641,524,1977,140
경기,안산시,교차로내,1206,13,1868,429,1371,68
경기,안산시,교차로부근,674,9,1036,198,795,43
경기,안산시,횡단보도상,85,3,92,40,46,6
경기,안산시,횡단보도부근,18,0,28,4,24,0
경기,안산시,기타/불명,117,1,159,41,105,13
경기,평택시,터널안,1,1,0,0,0,0
경기,평택시,교량위,10,1,25,9,16,0
경기,평택시,고가도로위,5,0,6,2,4,0
경기,평택시,지하차도(도로)내,1,0,3,0,3,0
경기,평택시,기타단일로,1087,36,1790,428,1208,154
경기,평택시,교차로내,898,10,1458,351,998,109
경기,평택시,교차로부근,555,9,969,169,701,99
경기,평택시,횡단보도상,25,0,28,12,15,1
경기,평택시,횡단보도부근,9,1,16,4,12,0
경기,평택시,기타/불명,50,2,56,16,34,6
경기,광명시,터널안,3,0,4,0,3,1
경기,광명시,교량위,1,0,3,1,2,0
경기,광명시,지하차도(도로)내,1,0,1,0,1,0
경기,광명시,기타단일로,696,10,984,237,611,136
경기,광명시,교차로내,272,1,432,118,248,66
경기,광명시,교차로부근,158,1,251,37,183,31
경기,광명시,횡단보도상,47,0,49,25,21,3
경기,광명시,횡단보도부근,11,1,12,4,6,2
경기,광명시,기타/불명,6,0,6,2,3,1
경기,구리시,교량위,1,0,1,0,1,0
경기,구리시,기타단일로,427,8,668,138,507,23
경기,구리시,교차로내,161,1,234,56,166,12
경기,구리시,교차로부근,52,0,78,12,62,4
경기,구리시,횡단보도상,26,1,26,14,10,2
경기,구리시,횡단보도부근,4,0,6,0,6,0
경기,구리시,기타/불명,10,0,10,4,5,1
경기,양주시,터널안,4,0,7,2,4,1
경기,양주시,교량위,3,0,12,5,7,0
경기,양주시,고가도로위,2,0,2,0,0,2
경기,양주시,기타단일로,421,16,651,175,444,32
경기,양주시,교차로내,371,8,593,170,394,29
경기,양주시,교차로부근,211,2,347,71,252,24
경기,양주시,횡단보도상,14,0,15,8,6,1
경기,양주시,횡단보도부근,6,0,10,3,7,0
경기,양주시,기타/불명,30,0,39,11,25,3
경기,여주시,터널안,3,0,6,2,4,0
경기,여주시,교량위,7,0,14,5,8,1
경기,여주시,기타단일로,301,4,488,157,319,12
경기,여주시,교차로내,200,2,330,86,237,7
경기,여주시,교차로부근,134,1,248,53,181,14
경기,여주시,횡단보도상,6,0,7,3,3,1
경기,여주시,횡단보도부근,3,1,2,1,1,0
경기,여주시,기타/불명,18,0,29,5,24,0
경기,화성시,터널안,8,0,11,2,9,0
경기,화성시,교량위,3,0,5,2,2,1
경기,화성시,고가도로위,3,0,4,3,1,0
경기,화성시,지하차도(도로)내,7,0,10,1,9,0
경기,화성시,기타단일로,1337,44,2272,578,1567,127
경기,화성시,교차로내,667,9,1066,320,701,45
경기,화성시,교차로부근,385,6,596,108,453,35
경기,화성시,횡단보도상,26,0,30,9,19,2
경기,화성시,횡단보도부근,9,0,15,6,9,0
경기,화성시,기타/불명,56,0,68,19,42,7
경기,시흥시,교량위,13,0,22,5,15,2
경기,시흥시,고가도로위,7,0,13,6,6,1
경기,시흥시,지하차도(도로)내,1,0,5,1,4,0
경기,시흥시,기타단일로,1059,13,1603,348,1153,102
경기,시흥시,교차로내,762,6,1281,317,885,79
경기,시흥시,교차로부근,376,5,577,113,432,32
경기,시흥시,횡단보도상,52,0,55,26,25,4
경기,시흥시,횡단보도부근,11,1,13,4,9,0
경기,시흥시,기타/불명,13,1,13,2,11,0
경기,파주시,교량위,10,0,25,8,15,2
경기,파주시,고가도로위,2,0,2,0,2,0
경기,파주시,지하차도(도로)내,4,1,7,5,1,1
경기,파주시,기타단일로,852,25,1250,367,738,145
경기,파주시,교차로내,486,5,790,191,518,81
경기,파주시,교차로부근,287,11,461,119,303,39
경기,파주시,횡단보도상,32,0,33,24,9,0
경기,파주시,횡단보도부근,9,2,13,2,9,2
경기,파주시,기타/불명,81,1,108,26,64,18
경기,고양시,터널안,3,0,4,2,2,0
경기,고양시,교량위,17,1,26,7,19,0
경기,고양시,고가도로위,1,0,2,2,0,0
경기,고양시,지하차도(도로)내,3,0,4,1,2,1
경기,고양시,기타단일로,1665,37,2457,621,1592,244
경기,고양시,교차로내,1275,14,1902,511,1217,174
경기,고양시,교차로부근,636,3,1001,210,705,86
경기,고양시,횡단보도상,140,6,144,59,70,15
경기,고양시,횡단보도부근,26,1,28,7,12,9
경기,고양시,기타/불명,163,2,211,33,151,27
경기,광주시,터널안,5,0,10,0,10,0
경기,광주시,교량위,3,0,5,1,4,0
경기,광주시,기타단일로,698,16,1048,288,725,35
경기,광주시,교차로내,244,3,370,77,274,19
경기,광주시,교차로부근,236,4,386,93,272,21
경기,광주시,횡단보도상,34,0,37,16,21,0
경기,광주시,횡단보도부근,12,0,20,6,12,2
경기,광주시,기타/불명,12,0,16,3,12,1
경기,연천군,기타단일로,117,10,169,52,105,12
경기,연천군,교차로내,119,1,192,64,109,19
경기,연천군,교차로부근,26,1,51,12,39,0
경기,연천군,횡단보도상,2,0,2,1,1,0
경기,포천시,교량위,1,0,1,1,0,0
경기,포천시,고가도로위,2,0,3,1,2,0
경기,포천시,기타단일로,564,22,924,262,541,121
경기,포천시,교차로내,249,6,445,141,261,43
경기,포천시,교차로부근,149,2,266,74,151,41
경기,포천시,횡단보도상,9,2,7,3,3,1
경기,포천시,횡단보도부근,4,0,8,0,8,0
경기,포천시,기타/불명,10,0,12,2,6,4
경기,가평군,터널안,1,0,4,0,4,0
경기,가평군,교량위,2,1,3,0,3,0
경기,가평군,고가도로위,39,2,98,29,65,4
경기,가평군,기타단일로,181,10,334,90,206,38
경기,가평군,교차로내,92,2,177,52,113,12
경기,가평군,교차로부근,63,1,106,20,76,10
경기,가평군,횡단보도상,3,0,4,2,2,0
경기,가평군,횡단보도부근,2,0,2,1,1,0
경기,가평군,기타/불명,12,1,19,4,13,2
경기,양평군,터널안,1,0,1,1,0,0
경기,양평군,교량위,9,0,20,3,17,0
경기,양평군,고가도로위,1,0,1,0,1,0
경기,양평군,기타단일로,260,18,404,118,238,48
경기,양평군,교차로내,153,5,249,67,165,17
경기,양평군,교차로부근,51,1,67,20,41,6
경기,양평군,횡단보도상,4,0,4,4,0,0
경기,양평군,횡단보도부근,2,0,2,0,1,1
경기,양평군,기타/불명,62,2,103,24,65,14
경기,이천시,교량위,8,0,15,2,13,0
경기,이천시,기타단일로,430,12,710,164,522,24
경기,이천시,교차로내,286,10,462,96,357,9
경기,이천시,교차로부근,147,5,248,67,176,5
경기,이천시,횡단보도상,8,0,8,3,5,0
경기,이천시,횡단보도부근,2,0,2,0,2,0
경기,이천시,기타/불명,16,1,21,3,17,1
경기,용인시,터널안,22,1,44,6,34,4
경기,용인시,교량위,11,0,21,5,14,2
경기,용인시,고가도로위,5,0,10,0,10,0
경기,용인시,지하차도(도로)내,6,0,11,0,11,0
경기,용인시,기타단일로,1583,34,2790,680,1799,311
경기,용인시,교차로내,861,14,1364,384,825,155
경기,용인시,교차로부근,512,5,826,194,554,78
경기,용인시,횡단보도상,32,0,35,16,14,5
경기,용인시,횡단보도부근,10,0,14,1,13,0
경기,용인시,기타/불명,90,1,125,25,65,35
경기,안성시,터널안,8,0,18,5,11,2
경기,안성시,교량위,3,0,5,4,1,0
경기,안성시,고가도로위,2,0,2,1,1,0
경기,안성시,지하차도(도로)내,1,0,2,0,1,1
경기,안성시,기타단일로,525,21,1015,266,665,84
경기,안성시,교차로내,377,9,644,212,387,45
경기,안성시,교차로부근,116,2,188,51,117,20
경기,안성시,횡단보도상,5,0,6,2,3,1
경기,안성시,횡단보도부근,5,0,5,1,3,1
경기,안성시,기타/불명,8,1,7,1,6,0
경기,김포시,터널안,3,0,10,2,8,0
경기,김포시,교량위,6,1,7,3,4,0
경기,김포시,고가도로위,3,0,5,1,4,0
경기,김포시,지하차도(도로)내,5,1,8,3,5,0
경기,김포시,기타단일로,812,17,1293,320,846,127
경기,김포시,교차로내,488,5,812,232,509,71
경기,김포시,교차로부근,228,6,380,86,264,30
경기,김포시,횡단보도상,26,0,26,9,14,3
경기,김포시,횡단보도부근,21,1,30,8,21,1
경기,김포시,기타/불명,29,0,31,8,18,5
경기,동두천시,고가도로위,1,0,1,0,1,0
경기,동두천시,기타단일로,168,6,246,48,166,32
경기,동두천시,교차로내,206,2,328,60,230,38
경기,동두천시,교차로부근,78,1,130,17,100,13
경기,동두천시,횡단보도상,19,1,19,7,12,0
경기,동두천시,횡단보도부근,3,0,5,0,3,2
경기,동두천시,기타/불명,19,0,25,8,17,0
경기,과천시,기타단일로,167,2,293,57,217,19
경기,과천시,교차로내,26,0,37,10,20,7
경기,과천시,교차로부근,35,0,61,16,41,4
경기,과천시,횡단보도상,5,0,5,2,2,1
경기,과천시,횡단보도부근,2,0,2,1,1,0
경기,과천시,기타/불명,12,0,18,5,11,2
경기,군포시,터널안,7,0,24,1,23,0
경기,군포시,교량위,2,0,3,0,2,1
경기,군포시,고가도로위,2,0,5,1,4,0
경기,군포시,지하차도(도로)내,1,0,1,1,0,0
경기,군포시,기타단일로,458,6,745,175,517,53
경기,군포시,교차로내,209,1,330,102,191,37
경기,군포시,교차로부근,105,3,152,33,108,11
경기,군포시,횡단보도상,21,1,24,12,12,0
경기,군포시,횡단보도부근,13,0,21,5,15,1
경기,군포시,기타/불명,4,0,4,3,0,1
경기,남양주시,터널안,30,4,96,16,73,7
경기,남양주시,교량위,7,0,12,2,10,0
경기,남양주시,고가도로위,2,0,4,1,3,0
경기,남양주시,지하차도(도로)내,3,0,6,0,6,0
경기,남양주시,기타단일로,950,22,1512,403,1031,78
경기,남양주시,교차로내,526,4,835,225,572,38
경기,남양주시,교차로부근,422,4,623,144,450,29
경기,남양주시,횡단보도상,27,4,23,5,16,2
경기,남양주시,횡단보도부근,26,0,33,5,23,5
경기,남양주시,기타/불명,131,0,176,51,119,6
경기,오산시,터널안,2,0,2,1,1,0
경기,오산시,교량위,3,0,5,2,3,0
경기,오산시,고가도로위,1,0,1,0,1,0
경기,오산시,지하차도(도로)내,5,0,6,4,2,0
경기,오산시,기타단일로,333,6,511,180,291,40
경기,오산시,교차로내,272,0,404,154,218,32
경기,오산시,교차로부근,181,1,266,97,142,27
경기,오산시,횡단보도상,9,0,9,3,5,1
경기,오산시,횡단보도부근,3,0,6,2,3,1
경기,오산시,기타/불명,29,0,52,10,35,7
경기,의왕시,터널안,1,0,2,1,1,0
경기,의왕시,교량위,5,0,12,4,8,0
경기,의왕시,고가도로위,2,0,3,1,0,2
경기,의왕시,지하차도(도로)내,1,0,4,1,3,0
경기,의왕시,기타단일로,359,5,604,138,441,25
경기,의왕시,교차로내,140,0,220,62,151,7
경기,의왕시,교차로부근,80,0,114,17,95,2
경기,의왕시,횡단보도상,21,1,21,13,8,0
경기,의왕시,횡단보도부근,14,0,25,3,22,0
경기,의왕시,기타/불명,16,0,20,3,16,1
경기,하남시,터널안,3,0,5,0,5,0
경기,하남시,지하차도(도로)내,2,0,6,1,4,1
경기,하남시,기타단일로,461,8,716,189,439,88
경기,하남시,교차로내,229,6,335,81,208,46
경기,하남시,교차로부근,117,4,192,38,131,23
경기,하남시,횡단보도상,16,2,14,10,4,0
경기,하남시,횡단보도부근,4,0,4,1,3,0
경기,하남시,기타/불명,8,1,8,1,5,2
강원,춘천시,터널안,4,1,7,0,6,1
강원,춘천시,교량위,6,0,18,0,16,2
강원,춘천시,지하차도(도로)내,1,0,1,0,1,0
강원,춘천시,기타단일로,788,19,1267,246,951,70
강원,춘천시,교차로내,606,6,1017,177,763,77
강원,춘천시,교차로부근,307,4,449,84,346,19
강원,춘천시,횡단보도상,48,2,49,18,29,2
강원,춘천시,횡단보도부근,2,0,2,1,1,0
강원,춘천시,기타/불명,14,0,27,11,16,0
강원,원주시,터널안,3,0,4,1,3,0
강원,원주시,교량위,3,0,13,2,11,0
강원,원주시,기타단일로,946,18,1566,334,1186,46
강원,원주시,교차로내,817,8,1402,307,1055,40
강원,원주시,교차로부근,420,7,749,127,601,21
강원,원주시,횡단보도상,40,0,42,20,19,3
강원,원주시,횡단보도부근,4,0,6,2,4,0
강원,원주시,기타/불명,130,1,199,40,155,4
강원,동해시,기타단일로,242,7,360,79,273,8
강원,동해시,교차로내,211,2,358,62,290,6
강원,동해시,교차로부근,105,2,176,39,131,6
강원,동해시,횡단보도상,9,2,7,4,2,1
강원,동해시,횡단보도부근,1,0,1,1,0,0
강원,동해시,기타/불명,1,0,2,1,1,0
강원,강릉시,터널안,5,0,18,6,11,1
강원,강릉시,교량위,2,0,2,0,2,0
강원,강릉시,고가도로위,1,0,1,0,1,0
강원,강릉시,지하차도(도로)내,1,0,1,0,1,0
강원,강릉시,기타단일로,506,12,782,150,606,26
강원,강릉시,교차로내,360,6,555,103,445,7
강원,강릉시,교차로부근,165,2,265,35,222,8
강원,강릉시,횡단보도상,23,1,22,10,12,0
강원,강릉시,횡단보도부근,6,0,6,2,4,0
강원,강릉시,기타/불명,27,0,38,8,29,1
강원,속초시,교량위,2,0,2,0,2,0
강원,속초시,기타단일로,222,6,353,74,262,17
강원,속초시,교차로내,193,2,343,62,272,9
강원,속초시,교차로부근,93,0,187,34,134,19
강원,속초시,횡단보도상,5,0,5,4,1,0
강원,속초시,횡단보도부근,2,0,2,0,2,0
강원,속초시,기타/불명,2,0,4,0,4,0
강원,태백시,교량위,3,0,5,2,1,2
강원,태백시,기타단일로,114,11,198,44,97,57
강원,태백시,교차로내,73,1,122,20,87,15
강원,태백시,교차로부근,31,0,49,8,30,11
강원,태백시,횡단보도상,3,0,3,1,2,0
강원,태백시,횡단보도부근,1,0,1,1,0,0
강원,태백시,기타/불명,26,0,29,5,20,4
강원,삼척시,터널안,3,0,5,2,3,0
강원,삼척시,교량위,5,0,11,2,7,2
강원,삼척시,기타단일로,201,6,362,104,253,5
강원,삼척시,교차로내,128,2,200,55,140,5
강원,삼척시,교차로부근,60,0,109,23,84,2
강원,삼척시,횡단보도상,6,0,7,3,4,0
강원,삼척시,기타/불명,9,0,15,3,12,0
강원,홍천군,터널안,5,1,12,0,11,1
강원,홍천군,교량위,1,0,5,2,3,0
강원,홍천군,기타단일로,173,13,247,90,150,7
강원,홍천군,교차로내,86,1,144,40,102,2
강원,홍천군,교차로부근,37,0,58,14,43,1
강원,홍천군,횡단보도상,3,0,4,0,4,0
강원,홍천군,횡단보도부근,1,0,1,1,0,0
강원,홍천군,기타/불명,7,0,13,3,9,1
강원,횡성군,터널안,11,2,52,8,44,0
강원,횡성군,교량위,5,0,17,8,9,0
강원,횡성군,고가도로위,1,0,3,3,0,0
강원,횡성군,기타단일로,110,7,199,85,111,3
강원,횡성군,교차로내,67,4,116,33,82,1
강원,횡성군,교차로부근,24,1,51,14,37,0
강원,횡성군,횡단보도상,5,0,5,3,2,0
강원,횡성군,기타/불명,21,0,71,15,54,2
강원,영월군,터널안,1,0,20,6,14,0
강원,영월군,교량위,4,0,9,4,2,3
강원,영월군,기타단일로,87,7,170,75,58,37
강원,영월군,교차로내,39,0,56,20,29,7
강원,영월군,교차로부근,5,0,8,1,6,1
강원,영월군,횡단보도상,9,3,6,5,1,0
강원,영월군,횡단보도부근,1,0,1,1,0,0
강원,영월군,기타/불명,1,0,1,0,1,0
강원,평창군,터널안,11,0,44,9,35,0
강원,평창군,교량위,1,0,1,0,1,0
강원,평창군,기타단일로,152,12,292,97,180,15
강원,평창군,교차로내,43,0,78,31,44,3
강원,평창군,교차로부근,9,0,17,3,12,2
강원,평창군,횡단보도상,2,1,1,0,1,0
강원,평창군,기타/불명,11,0,41,3,26,12
강원,정선군,터널안,5,0,15,2,11,2
강원,정선군,교량위,3,0,5,4,1,0
강원,정선군,기타단일로,98,5,158,58,95,5
강원,정선군,교차로내,39,2,67,16,40,11
강원,정선군,교차로부근,12,0,22,4,18,0
강원,정선군,횡단보도상,5,0,5,1,3,1
강원,정선군,기타/불명,22,3,45,9,35,1
강원,철원군,교량위,4,0,6,3,3,0
강원,철원군,기타단일로,100,7,144,50,90,4
강원,철원군,교차로내,69,1,121,33,87,1
강원,철원군,교차로부근,9,0,12,7,5,0
강원,철원군,횡단보도상,4,0,5,2,2,1
강원,철원군,기타/불명,3,0,4,2,2,0
강원,화천군,터널안,1,1,1,1,0,0
강원,화천군,교량위,2,1,2,1,1,0
강원,화천군,기타단일로,42,1,73,8,58,7
강원,화천군,교차로내,18,0,35,6,25,4
강원,화천군,교차로부근,2,0,2,1,1,0
강원,화천군,기타/불명,3,0,4,2,2,0
강원,양구군,터널안,2,0,5,0,5,0
강원,양구군,교량위,1,0,3,0,3,0
강원,양구군,기타단일로,35,5,41,19,14,8
강원,양구군,교차로내,28,2,57,23,31,3
강원,양구군,교차로부근,10,0,19,4,10,5
강원,양구군,횡단보도상,1,0,1,1,0,0
강원,양구군,횡단보도부근,3,0,5,1,1,3
강원,양구군,기타/불명,3,0,4,2,2,0
강원,인제군,터널안,3,0,5,1,4,0
강원,인제군,기타단일로,78,9,189,72,103,14
강원,인제군,교차로내,29,3,54,26,27,1
강원,인제군,교차로부근,7,1,10,1,9,0
강원,고성군,터널안,3,0,6,2,1,3
강원,고성군,기타단일로,79,3,167,41,125,1
강원,고성군,교차로내,63,3,124,38,86,0
강원,고성군,교차로부근,24,2,38,8,30,0
강원,고성군,횡단보도상,1,0,1,0,1,0
강원,고성군,횡단보도부근,1,0,15,0,15,0
강원,고성군,기타/불명,3,0,3,1,2,0
강원,양양군,교량위,2,1,4,0,4,0
강원,양양군,기타단일로,94,4,179,56,120,3
강원,양양군,교차로내,55,3,106,32,71,3
강원,양양군,교차로부근,22,1,54,6,46,2
강원,양양군,횡단보도상,4,1,3,1,2,0
강원,양양군,기타/불명,1,0,1,0,1,0
충북,청주시,터널안,4,0,11,0,11,0
충북,청주시,교량위,17,2,27,7,20,0
충북,청주시,고가도로위,5,0,17,2,15,0
충북,청주시,기타단일로,2039,44,3105,755,2281,69
충북,청주시,교차로내,1701,18,2862,741,2082,39
충북,청주시,교차로부근,1015,7,1625,341,1248,36
충북,청주시,횡단보도상,113,5,117,54,60,3
충북,청주시,횡단보도부근,19,1,20,11,8,1
충북,청주시,기타/불명,53,2,64,17,43,4
충북,충주시,터널안,4,0,10,1,9,0
충북,충주시,교량위,10,1,21,1,18,2
충북,충주시,고가도로위,1,0,5,1,4,0
충북,충주시,기타단일로,661,21,1016,306,604,106
충북,충주시,교차로내,404,15,695,194,412,89
충북,충주시,교차로부근,210,3,328,96,195,37
충북,충주시,횡단보도상,9,0,10,6,3,1
충북,충주시,횡단보도부근,2,0,2,1,0,1
충북,충주시,기타/불명,31,0,38,6,27,5
충북,제천시,터널안,5,0,8,4,4,0
충북,제천시,교량위,1,0,1,1,0,0
충북,제천시,기타단일로,321,6,513,172,324,17
충북,제천시,교차로내,356,2,606,175,414,17
충북,제천시,교차로부근,137,1,225,68,151,6
충북,제천시,횡단보도상,12,0,13,5,8,0
충북,제천시,횡단보도부근,2,0,2,0,1,1
충북,제천시,기타/불명,53,0,88,26,58,4
충북,보은군,터널안,1,0,1,0,1,0
충북,보은군,기타단일로,62,6,85,40,43,2
충북,보은군,교차로내,46,5,83,32,49,2
충북,보은군,교차로부근,15,1,37,9,25,3
충북,보은군,횡단보도부근,1,0,1,0,1,0
충북,보은군,기타/불명,8,0,11,4,7,0
충북,옥천군,터널안,2,0,6,3,3,0
충북,옥천군,기타단일로,104,11,184,80,91,13
충북,옥천군,교차로내,96,3,159,44,109,6
충북,옥천군,교차로부근,37,0,70,24,46,0
충북,옥천군,횡단보도상,4,0,7,2,4,1
충북,영동군,터널안,1,0,1,0,1,0
충북,영동군,교량위,1,0,2,2,0,0
충북,영동군,기타단일로,104,7,161,72,84,5
충북,영동군,교차로내,64,3,101,53,45,3
충북,영동군,교차로부근,15,0,23,7,15,1
충북,영동군,횡단보도상,3,0,3,2,1,0
충북,영동군,횡단보도부근,1,0,1,0,1,0
충북,영동군,기타/불명,1,0,2,0,2,0
충북,진천군,터널안,11,0,23,3,20,0
충북,진천군,교량위,5,0,8,1,7,0
충북,진천군,고가도로위,2,0,3,2,1,0
충북,진천군,기타단일로,170,5,273,79,191,3
충북,진천군,교차로내,167,3,271,75,191,5
충북,진천군,교차로부근,56,1,80,25,53,2
충북,진천군,횡단보도상,2,0,2,1,1,0
충북,진천군,기타/불명,37,0,59,16,43,0
충북,괴산군,터널안,1,0,1,0,1,0
충북,괴산군,교량위,2,0,2,1,0,1
충북,괴산군,기타단일로,101,11,164,53,97,14
충북,괴산군,교차로내,57,2,120,46,61,13
충북,괴산군,교차로부근,16,2,19,9,8,2
충북,괴산군,횡단보도상,1,0,1,1,0,0
충북,괴산군,기타/불명,2,0,2,2,0,0
충북,음성군,터널안,1,0,2,1,1,0
충북,음성군,교량위,1,0,1,1,0,0
충북,음성군,고가도로위,1,1,1,1,0,0
충북,음성군,기타단일로,298,17,461,163,273,25
충북,음성군,교차로내,208,12,388,146,227,15
충북,음성군,교차로부근,68,2,101,32,65,4
충북,음성군,횡단보도부근,1,1,0,0,0,0
충북,음성군,기타/불명,5,0,7,0,7,0
충북,단양군,터널안,1,0,2,2,0,0
충북,단양군,교량위,2,0,2,0,2,0
충북,단양군,지하차도(도로)내,1,0,1,0,1,0
충북,단양군,기타단일로,109,9,175,69,105,1
충북,단양군,교차로내,28,0,42,14,28,0
충북,단양군,교차로부근,12,0,16,8,6,2
충북,단양군,횡단보도상,2,0,3,2,1,0
충북,단양군,기타/불명,3,1,5,1,4,0
충북,증평군,기타단일로,65,4,78,26,43,9
충북,증평군,교차로내,104,2,170,58,101,11
충북,증평군,교차로부근,41,1,74,13,52,9
충북,증평군,횡단보도상,1,0,1,0,1,0
충북,증평군,기타/불명,2,0,2,1,1,0
충남,천안시,터널안,6,0,10,0,10,0
충남,천안시,교량위,4,0,10,4,3,3
충남,천안시,고가도로위,3,0,7,1,6,0
충남,천안시,지하차도(도로)내,2,0,4,0,3,1
충남,천안시,기타단일로,1250,38,1862,458,1330,74
충남,천안시,교차로내,725,6,1125,263,814,48
충남,천안시,교차로부근,447,10,660,149,483,28
충남,천안시,횡단보도상,40,0,44,23,20,1
충남,천안시,횡단보도부근,4,0,5,2,3,0
충남,천안시,기타/불명,44,3,64,15,47,2
충남,아산시,터널안,1,0,1,0,1,0
충남,아산시,교량위,6,0,7,5,2,0
충남,아산시,고가도로위,2,0,2,1,1,0
충남,아산시,지하차도(도로)내,2,0,3,0,2,1
충남,아산시,기타단일로,434,21,636,227,393,16
충남,아산시,교차로내,390,10,576,186,380,10
충남,아산시,교차로부근,193,2,300,81,213,6
충남,아산시,횡단보도상,29,3,40,17,23,0
충남,아산시,횡단보도부근,9,0,13,7,6,0
충남,아산시,기타/불명,105,4,182,40,140,2
충남,보령시,터널안,2,0,3,3,0,0
충남,보령시,교량위,1,0,1,1,0,0
충남,보령시,기타단일로,282,15,400,145,240,15
충남,보령시,교차로내,187,6,338,123,205,10
충남,보령시,교차로부근,67,3,111,39,69,3
충남,보령시,횡단보도상,13,1,13,8,5,0
충남,보령시,횡단보도부근,5,1,4,1,3,0
충남,보령시,기타/불명,25,0,29,10,18,1
충남,공주시,터널안,5,0,10,5,5,0
충남,공주시,교량위,9,0,16,0,15,1
충남,공주시,고가도로위,1,0,1,0,1,0
충남,공주시,기타단일로,231,19,435,178,238,19
충남,공주시,교차로내,151,0,235,93,132,10
충남,공주시,교차로부근,53,2,82,21,57,4
충남,공주시,횡단보도상,13,0,13,11,2,0
충남,공주시,횡단보도부근,1,0,1,0,1,0
충남,공주시,기타/불명,5,0,13,2,10,1
충남,서산시,교량위,1,0,1,1,0,0
충남,서산시,지하차도(도로)내,1,0,1,0,1,0
충남,서산시,기타단일로,305,22,491,195,274,22
충남,서산시,교차로내,233,5,356,147,191,18
충남,서산시,교차로부근,124,8,166,59,98,9
충남,서산시,횡단보도상,17,2,16,11,5,0
충남,서산시,기타/불명,18,0,25,4,21,0
충남,금산군,터널안,1,0,2,1,1,0
충남,금산군,교량위,2,0,4,1,3,0
충남,금산군,기타단일로,106,10,170,65,96,9
충남,금산군,교차로내,103,6,171,52,116,3
충남,금산군,교차로부근,25,0,44,13,31,0
충남,금산군,횡단보도상,1,0,1,1,0,0
충남,금산군,횡단보도부근,1,0,1,0,1,0
충남,태안군,기타단일로,186,12,284,142,137,5
충남,태안군,교차로내,98,4,155,61,88,6
충남,태안군,교차로부근,28,5,50,26,24,0
충남,태안군,횡단보도상,2,0,2,2,0,0
충남,태안군,기타/불명,12,0,18,7,11,0
충남,논산시,교량위,6,0,10,3,7,0
충남,논산시,기타단일로,261,22,399,168,229,2
충남,논산시,교차로내,201,5,345,149,191,5
충남,논산시,교차로부근,96,6,145,58,86,1
충남,논산시,횡단보도상,10,0,10,6,4,0
충남,논산시,횡단보도부근,2,0,2,1,1,0
충남,논산시,기타/불명,6,0,8,2,6,0
충남,부여군,터널안,1,0,1,1,0,0
충남,부여군,교량위,5,0,13,4,9,0
충남,부여군,기타단일로,162,12,209,114,92,3
충남,부여군,교차로내,100,3,174,79,94,1
충남,부여군,교차로부근,46,3,71,36,35,0
충남,부여군,횡단보도상,6,0,6,5,0,1
충남,부여군,횡단보도부근,2,0,2,1,1,0
충남,부여군,기타/불명,4,1,4,1,3,0
충남,서천군,터널안,2,0,5,1,4,0
충남,서천군,기타단일로,164,9,257,109,137,11
충남,서천군,교차로내,129,5,240,79,156,5
충남,서천군,교차로부근,38,1,53,17,35,1
충남,서천군,횡단보도상,6,2,4,3,1,0
충남,서천군,횡단보도부근,1,0,2,0,2,0
충남,서천군,기타/불명,10,0,11,9,2,0
충남,청양군,기타단일로,138,11,228,69,144,15
충남,청양군,교차로내,79,0,133,47,81,5
충남,청양군,교차로부근,17,0,22,14,8,0
충남,청양군,횡단보도상,1,0,1,1,0,0
충남,청양군,기타/불명,1,0,1,1,0,0
충남,홍성군,교량위,2,0,7,2,5,0
충남,홍성군,고가도로위,1,0,5,1,4,0
충남,홍성군,기타단일로,230,17,333,102,230,1
충남,홍성군,교차로내,204,4,300,77,219,4
충남,홍성군,교차로부근,30,2,44,14,28,2
충남,홍성군,횡단보도상,12,0,14,6,7,1
충남,홍성군,횡단보도부근,1,0,1,0,1,0
충남,예산군,터널안,4,0,5,3,2,0
충남,예산군,교량위,3,0,4,2,2,0
충남,예산군,고가도로위,3,0,9,4,5,0
충남,예산군,기타단일로,201,14,335,150,177,8
충남,예산군,교차로내,174,11,311,104,199,8
충남,예산군,교차로부근,65,2,115,31,80,4
충남,예산군,횡단보도상,1,0,1,1,0,0
충남,예산군,횡단보도부근,2,0,2,0,2,0
충남,예산군,기타/불명,11,0,15,6,9,0
충남,당진시,터널안,1,0,1,0,1,0
충남,당진시,교량위,6,1,9,1,7,1
충남,당진시,지하차도(도로)내,2,0,3,0,3,0
충남,당진시,기타단일로,468,21,685,183,489,13
충남,당진시,교차로내,296,7,471,121,337,13
충남,당진시,교차로부근,77,1,103,16,83,4
충남,당진시,횡단보도상,11,1,10,2,8,0
충남,당진시,횡단보도부근,7,0,8,2,6,0
충남,당진시,기타/불명,21,0,25,8,14,3
충남,계룡시,기타단일로,44,2,66,21,45,0
충남,계룡시,교차로내,22,1,33,8,25,0
충남,계룡시,교차로부근,14,0,27,6,20,1
충남,계룡시,횡단보도상,3,0,3,2,1,0
전북,전주시,터널안,2,0,16,1,15,0
전북,전주시,교량위,13,0,31,4,27,0
전북,전주시,고가도로위,1,0,1,1,0,0
전북,전주시,지하차도(도로)내,3,0,6,2,4,0
전북,전주시,기타단일로,972,31,1540,335,1190,15
전북,전주시,교차로내,851,14,1391,306,1077,8
전북,전주시,교차로부근,580,12,940,149,789,2
전북,전주시,횡단보도상,78,4,76,40,36,0
전북,전주시,횡단보도부근,10,0,11,4,7,0
전북,전주시,기타/불명,22,0,24,7,17,0
전북,군산시,교량위,2,0,2,1,1,0
전북,군산시,지하차도(도로)내,1,0,2,0,2,0
전북,군산시,기타단일로,747,14,1166,212,897,57
전북,군산시,교차로내,742,11,1206,212,933,61
전북,군산시,교차로부근,213,7,347,48,283,16
전북,군산시,철길건널목,1,0,1,1,0,0
전북,군산시,횡단보도상,55,0,60,27,33,0
전북,군산시,횡단보도부근,7,0,8,3,5,0
전북,군산시,기타/불명,25,3,29,5,21,3
전북,정읍시,터널안,3,0,17,3,14,0
전북,정읍시,교량위,4,0,7,0,7,0
전북,정읍시,지하차도(도로)내,2,0,2,0,2,0
전북,정읍시,기타단일로,229,14,323,104,214,5
전북,정읍시,교차로내,233,4,372,91,274,7
전북,정읍시,교차로부근,74,5,104,20,83,1
전북,정읍시,횡단보도상,13,0,13,6,6,1
전북,정읍시,기타/불명,10,1,9,2,6,1
전북,남원시,교량위,1,0,3,2,1,0
전북,남원시,기타단일로,153,15,225,79,146,0
전북,남원시,교차로내,129,2,190,64,126,0
전북,남원시,교차로부근,55,2,73,24,49,0
전북,남원시,횡단보도상,6,0,6,0,6,0
전북,남원시,횡단보도부근,2,0,2,1,1,0
전북,남원시,기타/불명,12,1,11,6,5,0
전북,김제시,고가도로위,1,0,2,0,2,0
전북,김제시,기타단일로,257,17,401,133,266,2
전북,김제시,교차로내,204,9,349,100,249,0
전북,김제시,교차로부근,46,1,86,15,71,0
전북,김제시,횡단보도상,7,0,9,2,7,0
전북,김제시,횡단보도부근,2,0,2,1,1,0
전북,김제시,기타/불명,10,2,9,5,4,0
전북,완주군,터널안,3,0,6,5,1,0
전북,완주군,교량위,3,1,5,2,2,1
전북,완주군,기타단일로,213,11,371,108,259,4
전북,완주군,교차로내,104,7,212,48,164,0
전북,완주군,교차로부근,68,4,113,24,85,4
전북,완주군,횡단보도상,1,0,1,0,1,0
전북,완주군,횡단보도부근,1,0,1,0,1,0
전북,완주군,기타/불명,3,0,4,1,3,0
전북,진안군,교량위,1,0,1,0,1,0
전북,진안군,기타단일로,57,6,87,36,49,2
전북,진안군,교차로내,33,1,59,20,37,2
전북,진안군,교차로부근,8,1,8,3,5,0
전북,진안군,횡단보도상,1,0,1,0,1,0
전북,진안군,기타/불명,1,0,1,1,0,0
전북,무주군,터널안,1,0,8,1,7,0
전북,무주군,기타단일로,52,7,77,38,38,1
전북,무주군,교차로내,16,1,37,18,18,1
전북,무주군,교차로부근,4,0,7,3,4,0
전북,무주군,횡단보도부근,1,0,1,1,0,0
전북,무주군,기타/불명,1,0,1,1,0,0
전북,장수군,터널안,2,0,2,0,2,0
전북,장수군,교량위,1,0,2,1,1,0
전북,장수군,기타단일로,21,1,42,15,27,0
전북,장수군,교차로내,27,1,54,20,34,0
전북,장수군,교차로부근,4,0,4,2,2,0
전북,장수군,기타/불명,19,2,27,13,12,2
전북,임실군,터널안,2,0,2,1,1,0
전북,임실군,교량위,2,1,1,0,0,1
전북,임실군,지하차도(도로)내,1,0,2,0,2,0
전북,임실군,기타단일로,67,9,102,43,57,2
전북,임실군,교차로내,39,1,79,21,57,1
전북,임실군,교차로부근,18,1,31,7,24,0
전북,임실군,횡단보도상,2,0,2,2,0,0
전북,임실군,횡단보도부근,1,0,2,1,1,0
전북,순창군,교량위,2,0,2,2,0,0
전북,순창군,기타단일로,73,7,92,40,51,1
전북,순창군,교차로내,54,2,98,28,67,3
전북,순창군,교차로부근,14,1,18,5,12,1
전북,순창군,횡단보도상,1,0,1,0,1,0
전북,순창군,기타/불명,2,1,1,1,0,0
전북,고창군,터널안,1,0,5,0,5,0
전북,고창군,교량위,1,0,1,0,1,0
전북,고창군,기타단일로,106,15,158,72,80,6
전북,고창군,교차로내,84,4,155,69,84,2
전북,고창군,교차로부근,20,1,25,10,14,1
전북,고창군,횡단보도상,2,0,2,0,2,0
전북,고창군,횡단보도부근,1,0,1,1,0,0
전북,고창군,기타/불명,2,1,1,1,0,0
전북,부안군,교량위,3,0,6,1,5,0
전북,부안군,기타단일로,174,10,287,98,172,17
전북,부안군,교차로내,146,5,283,95,172,16
전북,부안군,교차로부근,44,3,68,25,38,5
전북,부안군,횡단보도상,4,0,4,1,3,0
전북,부안군,횡단보도부근,4,0,4,2,2,0
전북,부안군,기타/불명,6,0,12,2,9,1
전북,익산시,터널안,1,0,1,1,0,0
전북,익산시,교량위,1,0,1,1,0,0
전북,익산시,고가도로위,2,0,7,0,7,0
전북,익산시,지하차도(도로)내,1,0,1,0,1,0
전북,익산시,기타단일로,668,19,1000,206,781,13
전북,익산시,교차로내,619,7,992,200,779,13
전북,익산시,교차로부근,204,5,344,52,289,3
전북,익산시,횡단보도상,47,2,52,19,33,0
전북,익산시,횡단보도부근,12,0,23,4,17,2
전북,익산시,기타/불명,18,1,19,3,16,0
전남,목포시,터널안,1,0,1,1,0,0
전남,목포시,교량위,3,0,4,0,4,0
전남,목포시,고가도로위,2,0,4,1,3,0
전남,목포시,지하차도(도로)내,1,0,1,0,1,0
전남,목포시,기타단일로,660,11,1023,156,843,24
전남,목포시,교차로내,517,3,975,135,816,24
전남,목포시,교차로부근,214,4,378,49,325,4
전남,목포시,횡단보도상,43,1,47,13,30,4
전남,목포시,횡단보도부근,16,0,23,8,15,0
전남,목포시,기타/불명,138,2,194,26,165,3
전남,여수시,터널안,16,0,61,4,57,0
전남,여수시,교량위,5,0,7,1,6,0
전남,여수시,고가도로위,1,0,2,0,2,0
전남,여수시,지하차도(도로)내,1,0,1,0,1,0
전남,여수시,기타단일로,635,26,933,237,680,16
전남,여수시,교차로내,372,12,647,122,520,5
전남,여수시,교차로부근,247,6,391,62,328,1
전남,여수시,횡단보도상,54,5,56,22,33,1
전남,여수시,횡단보도부근,10,0,14,2,12,0
전남,여수시,기타/불명,41,0,52,14,37,1
전남,순천시,터널안,5,0,7,0,7,0
전남,순천시,교량위,5,0,7,1,5,1
전남,순천시,지하차도(도로)내,1,0,1,0,1,0
전남,순천시,기타단일로,639,28,986,264,682,40
전남,순천시,교차로내,474,8,756,193,521,42
전남,순천시,교차로부근,263,3,434,89,329,16
전남,순천시,횡단보도상,32,2,32,17,15,0
전남,순천시,횡단보도부근,9,0,14,6,8,0
전남,순천시,기타/불명,26,0,27,3,22,2
전남,나주시,터널안,3,0,18,4,14,0
전남,나주시,교량위,8,0,12,4,8,0
전남,나주시,고가도로위,3,0,8,1,7,0
전남,나주시,기타단일로,300,25,455,103,319,33
전남,나주시,교차로내,221,2,418,85,300,33
전남,나주시,교차로부근,84,1,158,8,136,14
전남,나주시,횡단보도상,8,2,6,3,3,0
전남,나주시,횡단보도부근,3,0,5,2,2,1
전남,나주시,기타/불명,9,0,11,5,5,1
전남,광양시,교량위,13,0,31,9,22,0
전남,광양시,고가도로위,1,0,1,0,0,1
전남,광양시,기타단일로,299,17,436,113,294,29
전남,광양시,교차로내,330,3,561,93,444,24
전남,광양시,교차로부근,163,4,277,45,222,10
전남,광양시,횡단보도상,21,1,24,9,13,2
전남,광양시,횡단보도부근,7,0,11,2,9,0
전남,광양시,기타/불명,33,0,46,13,30,3
전남,담양군,터널안,1,0,1,0,1,0
전남,담양군,교량위,4,1,9,0,9,0
전남,담양군,기타단일로,153,13,279,41,231,7
전남,담양군,교차로내,123,3,228,37,188,3
전남,담양군,교차로부근,71,2,124,10,112,2
전남,담양군,횡단보도상,3,0,3,2,1,0
전남,담양군,횡단보도부근,1,0,1,1,0,0
전남,담양군,기타/불명,4,1,3,1,2,0
전남,곡성군,기타단일로,75,2,128,36,91,1
전남,곡성군,교차로내,44,1,78,21,56,1
전남,곡성군,교차로부근,10,0,15,4,11,0
전남,곡성군,횡단보도상,3,1,2,2,0,0
전남,곡성군,횡단보도부근,1,0,2,0,2,0
전남,곡성군,기타/불명,3,0,4,0,4,0
전남,구례군,터널안,3,1,9,3,6,0
전남,구례군,지하차도(도로)내,1,0,1,0,1,0
전남,구례군,기타단일로,74,7,92,34,50,8
전남,구례군,교차로내,65,2,107,24,73,10
전남,구례군,교차로부근,2,0,3,0,3,0
전남,구례군,기타/불명,1,0,2,1,1,0
전남,고흥군,터널안,1,0,3,1,2,0
전남,고흥군,교량위,2,2,2,1,1,0
전남,고흥군,기타단일로,174,14,275,104,165,6
전남,고흥군,교차로내,88,1,138,44,90,4
전남,고흥군,교차로부근,38,2,54,23,27,4
전남,고흥군,횡단보도상,1,0,1,1,0,0
전남,고흥군,횡단보도부근,2,0,2,1,1,0
전남,고흥군,기타/불명,11,0,15,5,10,0
전남,보성군,터널안,2,0,2,0,2,0
전남,보성군,교량위,3,0,6,3,3,0
전남,보성군,기타단일로,134,4,220,67,145,8
전남,보성군,교차로내,84,7,168,43,114,11
전남,보성군,교차로부근,22,0,34,9,24,1
전남,보성군,기타/불명,7,1,8,3,5,0
전남,화순군,터널안,1,0,1,1,0,0
전남,화순군,교량위,5,0,16,3,11,2
전남,화순군,고가도로위,1,0,3,0,3,0
전남,화순군,기타단일로,181,9,320,59,237,24
전남,화순군,교차로내,100,0,184,37,131,16
전남,화순군,교차로부근,41,1,78,10,63,5
전남,화순군,횡단보도상,5,0,5,0,5,0
전남,화순군,횡단보도부근,1,0,2,1,1,0
전남,화순군,기타/불명,18,2,21,3,14,4
전남,장흥군,터널안,1,1,0,0,0,0
전남,장흥군,교량위,3,0,4,2,1,1
전남,장흥군,기타단일로,134,8,185,75,106,4
전남,장흥군,교차로내,92,2,151,45,104,2
전남,장흥군,교차로부근,22,0,40,20,19,1
전남,장흥군,횡단보도부근,1,0,1,1,0,0
전남,장흥군,기타/불명,5,0,9,2,7,0
전남,강진군,교량위,1,0,1,0,1,0
전남,강진군,고가도로위,1,0,2,0,2,0
전남,강진군,기타단일로,130,13,198,66,125,7
전남,강진군,교차로내,91,1,155,44,105,6
전남,강진군,교차로부근,6,0,7,3,4,0
전남,강진군,횡단보도상,2,0,7,1,6,0
전남,강진군,횡단보도부근,2,0,2,1,1,0
전남,강진군,기타/불명,1,0,1,0,1,0
전남,해남군,터널안,2,0,2,0,2,0
전남,해남군,교량위,2,0,5,4,1,0
전남,해남군,고가도로위,1,0,1,1,0,0
전남,해남군,기타단일로,223,19,342,102,209,31
전남,해남군,교차로내,117,2,222,52,150,20
전남,해남군,교차로부근,30,2,50,10,38,2
전남,해남군,횡단보도상,2,0,2,1,1,0
전남,해남군,기타/불명,11,1,15,5,9,1
전남,영암군,교량위,1,0,1,0,1,0
전남,영암군,기타단일로,228,19,364,96,262,6
전남,영암군,교차로내,192,1,382,82,295,5
전남,영암군,교차로부근,98,4,193,44,146,3
전남,영암군,횡단보도상,4,0,6,1,5,0
전남,영암군,횡단보도부근,4,0,10,1,9,0
전남,영암군,기타/불명,9,0,13,4,9,0
전남,무안군,터널안,3,0,6,0,6,0
전남,무안군,기타단일로,194,14,281,84,190,7
전남,무안군,교차로내,152,5,281,50,224,7
전남,무안군,교차로부근,76,2,129,21,107,1
전남,무안군,횡단보도상,3,0,3,2,1,0
전남,무안군,횡단보도부근,3,0,3,2,1,0
전남,무안군,기타/불명,11,0,12,3,9,0
전남,함평군,터널안,2,0,6,0,5,1
전남,함평군,교량위,3,0,6,0,5,1
전남,함평군,기타단일로,115,7,183,38,137,8
전남,함평군,교차로내,44,1,86,11,70,5
전남,함평군,교차로부근,12,1,17,6,11,0
전남,함평군,횡단보도상,1,0,1,0,1,0
전남,함평군,기타/불명,3,0,4,2,2,0
전남,영광군,지하차도(도로)내,1,0,4,0,4,0
전남,영광군,기타단일로,129,13,225,83,134,8
전남,영광군,교차로내,87,5,139,35,98,6
전남,영광군,교차로부근,13,0,19,4,14,1
전남,영광군,횡단보도부근,1,1,0,0,0,0
전남,영광군,기타/불명,1,0,1,1,0,0
전남,장성군,터널안,6,0,14,6,8,0
전남,장성군,고가도로위,1,0,1,0,1,0
전남,장성군,지하차도(도로)내,1,0,4,0,4,0
전남,장성군,기타단일로,129,10,208,64,125,19
전남,장성군,교차로내,79,4,138,38,94,6
전남,장성군,교차로부근,24,0,35,8,25,2
전남,장성군,횡단보도부근,1,0,1,0,1,0
전남,장성군,기타/불명,5,0,7,1,6,0
전남,완도군,교량위,1,0,1,0,1,0
전남,완도군,기타단일로,114,10,181,68,108,5
전남,완도군,교차로내,38,3,70,24,42,4
전남,완도군,교차로부근,21,1,27,15,11,1
전남,완도군,횡단보도부근,1,0,1,1,0,0
전남,완도군,기타/불명,5,0,6,2,4,0
전남,진도군,터널안,1,0,1,0,1,0
전남,진도군,교량위,3,0,6,0,6,0
전남,진도군,지하차도(도로)내,1,1,0,0,0,0
전남,진도군,기타단일로,66,4,87,28,58,1
전남,진도군,교차로내,32,1,58,24,29,5
전남,진도군,교차로부근,16,1,32,5,26,1
전남,진도군,횡단보도상,2,0,2,0,2,0
전남,진도군,기타/불명,4,2,4,4,0,0
전남,신안군,교량위,1,0,2,0,2,0
전남,신안군,기타단일로,57,6,78,31,42,5
전남,신안군,교차로내,18,0,35,15,20,0
전남,신안군,교차로부근,8,0,16,5,10,1
전남,신안군,횡단보도상,1,1,0,0,0,0
전남,신안군,기타/불명,13,1,23,7,16,0
경북,포항시,터널안,3,0,5,0,5,0
경북,포항시,교량위,8,0,17,10,7,0
경북,포항시,고가도로위,3,1,6,2,3,1
경북,포항시,기타단일로,1392,29,1967,542,1346,79
경북,포항시,교차로내,949,14,1543,384,1102,57
경북,포항시,교차로부근,456,4,725,141,544,40
경북,포항시,횡단보도상,66,3,66,34,32,0
경북,포항시,횡단보도부근,17,1,23,10,13,0
경북,포항시,기타/불명,31,0,34,11,21,2
경북,경주시,터널안,4,0,5,3,2,0
경북,경주시,교량위,9,1,14,5,7,2
경북,경주시,고가도로위,1,1,0,0,0,0
경북,경주시,지하차도(도로)내,2,0,3,2,1,0
경북,경주시,기타단일로,1153,49,1857,656,1056,145
경북,경주시,교차로내,540,10,911,314,527,70
경북,경주시,교차로부근,265,3,443,161,258,24
경북,경주시,철길건널목,1,0,2,2,0,0
경북,경주시,횡단보도상,38,1,45,24,19,2
경북,경주시,횡단보도부근,9,1,10,3,7,0
경북,경주시,기타/불명,35,2,49,10,33,6
경북,김천시,터널안,2,1,2,0,2,0
경북,김천시,교량위,2,0,2,1,1,0
경북,김천시,기타단일로,333,23,466,204,257,5
경북,김천시,교차로내,154,1,245,91,153,1
경북,김천시,교차로부근,94,3,133,44,89,0
경북,김천시,횡단보도상,12,1,11,8,3,0
경북,김천시,횡단보도부근,4,0,4,2,2,0
경북,김천시,기타/불명,11,0,17,5,12,0
경북,안동시,교량위,11,1,17,8,8,1
경북,안동시,고가도로위,1,0,1,1,0,0
경북,안동시,기타단일로,546,27,787,241,501,45
경북,안동시,교차로내,322,8,523,170,322,31
경북,안동시,교차로부근,164,1,269,72,192,5
경북,안동시,횡단보도상,20,0,23,6,15,2
경북,안동시,횡단보도부근,14,0,17,7,10,0
경북,안동시,기타/불명,35,0,54,9,40,5
경북,구미시,터널안,4,1,25,9,16,0
경북,구미시,교량위,18,2,25,8,12,5
경북,구미시,고가도로위,3,0,3,1,1,1
경북,구미시,기타단일로,860,26,1221,355,687,179
경북,구미시,교차로내,664,7,986,290,574,122
경북,구미시,교차로부근,466,6,720,194,464,62
경북,구미시,횡단보도상,44,2,49,29,18,2
경북,구미시,횡단보도부근,7,0,9,2,6,1
경북,구미시,기타/불명,115,3,132,29,85,18
경북,영주시,교량위,5,0,6,1,5,0
경북,영주시,고가도로위,1,0,6,1,5,0
경북,영주시,기타단일로,274,10,362,148,211,3
경북,영주시,교차로내,259,4,413,117,290,6
경북,영주시,교차로부근,84,1,128,40,87,1
경북,영주시,횡단보도상,26,0,28,14,14,0
경북,영주시,횡단보도부근,4,0,4,1,3,0
경북,영주시,기타/불명,29,0,32,9,23,0
경북,영천시,교량위,6,1,17,9,7,1
경북,영천시,지하차도(도로)내,1,0,1,0,1,0
경북,영천시,기타단일로,438,29,599,215,362,22
경북,영천시,교차로내,204,4,351,96,237,18
경북,영천시,교차로부근,49,1,81,23,57,1
경북,영천시,철길건널목,1,0,1,0,1,0
경북,영천시,횡단보도상,11,1,10,8,2,0
경북,영천시,기타/불명,1,0,1,0,1,0
경북,문경시,터널안,6,3,7,0,7,0
경북,문경시,교량위,3,0,7,7,0,0
경북,문경시,기타단일로,200,9,284,101,175,8
경북,문경시,교차로내,152,1,248,69,174,5
경북,문경시,교차로부근,33,0,56,13,42,1
경북,문경시,횡단보도상,3,1,2,2,0,0
경북,문경시,기타/불명,4,0,4,1,2,1
경북,상주시,터널안,7,1,43,6,35,2
경북,상주시,교량위,16,1,28,7,18,3
경북,상주시,지하차도(도로)내,1,0,1,0,1,0
경북,상주시,기타단일로,299,17,424,195,199,30
경북,상주시,교차로내,182,4,261,109,137,15
경북,상주시,교차로부근,62,0,77,33,38,6
경북,상주시,횡단보도상,11,0,12,8,3,1
경북,상주시,횡단보도부근,1,0,2,0,2,0
경북,상주시,기타/불명,31,1,36,10,23,3
경북,군위군,교량위,1,1,0,0,0,0
경북,군위군,기타단일로,62,10,78,44,26,8
경북,군위군,교차로내,42,1,69,28,37,4
경북,군위군,교차로부근,18,0,32,13,18,1
경북,군위군,횡단보도상,1,0,1,0,1,0
경북,군위군,횡단보도부근,2,0,2,0,1,1
경북,군위군,기타/불명,1,0,3,3,0,0
경북,의성군,교량위,5,2,6,2,4,0
경북,의성군,기타단일로,140,8,203,108,89,6
경북,의성군,교차로내,81,2,127,44,81,2
경북,의성군,교차로부근,24,0,34,12,21,1
경북,청송군,기타단일로,92,5,130,64,61,5
경북,청송군,교차로내,24,1,40,18,20,2
경북,청송군,교차로부근,3,0,3,1,2,0
경북,청송군,횡단보도상,1,0,1,0,1,0
경북,영양군,교량위,1,0,7,2,5,0
경북,영양군,기타단일로,55,4,81,29,46,6
경북,영양군,교차로내,15,2,27,10,16,1
경북,영양군,교차로부근,6,0,8,2,5,1
경북,영양군,횡단보도상,1,0,1,0,1,0
경북,영덕군,교량위,1,0,2,0,2,0
경북,영덕군,기타단일로,166,9,295,114,165,16
경북,영덕군,교차로내,67,1,119,53,62,4
경북,영덕군,교차로부근,24,2,39,9,28,2
경북,영덕군,횡단보도상,1,0,1,1,0,0
경북,영덕군,횡단보도부근,1,0,1,0,1,0
경북,영덕군,기타/불명,6,0,9,0,9,0
경북,청도군,터널안,1,0,4,0,4,0
경북,청도군,교량위,3,0,6,2,4,0
경북,청도군,기타단일로,131,8,238,96,126,16
경북,청도군,교차로내,84,1,175,70,101,4
경북,청도군,교차로부근,13,0,23,10,13,0
경북,청도군,횡단보도상,3,0,3,3,0,0
경북,청도군,기타/불명,10,0,16,1,14,1
경북,고령군,터널안,5,0,12,3,9,0
경북,고령군,교량위,3,1,5,2,3,0
경북,고령군,기타단일로,134,9,229,83,145,1
경북,고령군,교차로내,71,2,123,35,88,0
경북,고령군,교차로부근,16,0,23,5,15,3
경북,고령군,횡단보도상,4,1,3,2,1,0
경북,고령군,기타/불명,4,0,5,3,2,0
경북,성주군,교량위,3,1,7,1,6,0
경북,성주군,기타단일로,40,6,61,31,29,1
경북,성주군,교차로내,56,4,93,28,65,0
경북,성주군,교차로부근,25,0,33,16,17,0
경북,성주군,횡단보도상,3,0,3,2,1,0
경북,성주군,기타/불명,124,10,165,53,112,0
경북,칠곡군,터널안,6,0,28,6,20,2
경북,칠곡군,교량위,8,2,13,4,7,2
경북,칠곡군,지하차도(도로)내,1,0,1,1,0,0
경북,칠곡군,기타단일로,403,26,685,198,359,128
경북,칠곡군,교차로내,233,5,391,124,210,57
경북,칠곡군,교차로부근,82,1,138,36,73,29
경북,칠곡군,횡단보도상,9,0,9,6,3,0
경북,칠곡군,횡단보도부근,6,0,7,2,4,1
경북,칠곡군,기타/불명,12,0,18,4,13,1
경북,예천군,교량위,2,0,5,4,1,0
경북,예천군,기타단일로,119,9,174,115,58,1
경북,예천군,교차로내,71,0,117,71,45,1
경북,예천군,교차로부근,28,1,39,22,16,1
경북,봉화군,교량위,2,0,2,2,0,0
경북,봉화군,기타단일로,113,5,209,85,107,17
경북,봉화군,교차로내,45,1,67,24,40,3
경북,봉화군,교차로부근,6,0,9,2,5,2
경북,봉화군,기타/불명,1,0,1,1,0,0
경북,울진군,터널안,1,0,3,0,3,0
경북,울진군,기타단일로,130,8,178,90,75,13
경북,울진군,교차로내,60,3,71,37,31,3
경북,울진군,교차로부근,18,1,28,6,21,1
경북,울진군,횡단보도부근,5,0,9,3,4,2
경북,울진군,기타/불명,8,0,12,3,9,0
경북,울릉군,기타단일로,16,0,31,15,15,1
경북,울릉군,기타/불명,1,0,1,0,1,0
경북,경산시,터널안,1,0,2,0,2,0
경북,경산시,교량위,5,0,9,2,7,0
경북,경산시,지하차도(도로)내,1,0,1,0,1,0
경북,경산시,기타단일로,745,21,1009,271,705,33
경북,경산시,교차로내,479,7,694,210,455,29
경북,경산시,교차로부근,218,2,315,80,214,21
경북,경산시,철길건널목,1,1,0,0,0,0
경북,경산시,횡단보도상,24,1,27,7,18,2
경북,경산시,횡단보도부근,3,0,3,1,2,0
경북,경산시,기타/불명,23,0,30,5,23,2
경남,진주시,터널안,1,0,4,2,2,0
경남,진주시,교량위,6,0,12,6,6,0
경남,진주시,고가도로위,1,0,2,0,1,1
경남,진주시,지하차도(도로)내,1,0,1,1,0,0
경남,진주시,기타단일로,429,22,602,326,264,12
경남,진주시,교차로내,339,3,462,235,213,14
경남,진주시,교차로부근,179,9,239,127,102,10
경남,진주시,횡단보도상,40,1,39,27,10,2
경남,진주시,횡단보도부근,5,0,5,4,1,0
경남,진주시,기타/불명,9,1,9,7,2,0
경남,통영시,터널안,1,0,4,3,1,0
경남,통영시,교량위,6,0,14,3,11,0
경남,통영시,기타단일로,380,8,549,212,316,21
경남,통영시,교차로내,263,5,403,162,223,18
경남,통영시,교차로부근,126,2,192,58,133,1
경남,통영시,횡단보도상,30,0,32,21,10,1
경남,통영시,횡단보도부근,7,0,7,3,3,1
경남,통영시,기타/불명,2,0,2,0,2,0
경남,김해시,터널안,5,0,8,2,6,0
경남,김해시,교량위,13,1,26,8,16,2
경남,김해시,고가도로위,1,0,5,4,1,0
경남,김해시,지하차도(도로)내,2,0,2,1,1,0
경남,김해시,기타단일로,1068,19,1597,653,873,71
경남,김해시,교차로내,754,10,1149,479,607,63
경남,김해시,교차로부근,366,8,491,199,274,18
경남,김해시,횡단보도상,67,2,76,47,28,1
경남,김해시,횡단보도부근,13,0,15,10,5,0
경남,김해시,기타/불명,28,3,32,11,20,1
경남,밀양시,터널안,2,0,3,2,1,0
경남,밀양시,교량위,7,2,5,3,2,0
경남,밀양시,기타단일로,230,15,313,127,166,20
경남,밀양시,교차로내,173,2,249,100,141,8
경남,밀양시,교차로부근,57,2,82,25,55,2
경남,밀양시,횡단보도상,15,1,15,12,3,0
경남,밀양시,횡단보도부근,1,0,1,0,1,0
경남,밀양시,기타/불명,4,0,4,3,1,0
경남,거제시,터널안,4,0,11,1,7,3
경남,거제시,교량위,3,0,3,1,2,0
경남,거제시,기타단일로,648,10,1068,353,626,89
경남,거제시,교차로내,374,1,545,191,319,35
경남,거제시,교차로부근,165,3,240,59,169,12
경남,거제시,횡단보도상,33,0,34,20,13,1
경남,거제시,횡단보도부근,5,0,6,4,2,0
경남,거제시,기타/불명,22,0,36,13,22,1
경남,의령군,교량위,1,0,4,3,1,0
경남,의령군,기타단일로,73,4,101,47,48,6
경남,의령군,교차로내,36,2,56,21,28,7
경남,의령군,교차로부근,9,0,15,8,6,1
경남,의령군,횡단보도부근,1,0,1,1,0,0
경남,함안군,터널안,5,1,13,1,11,1
경남,함안군,교량위,3,0,7,1,5,1
경남,함안군,기타단일로,168,20,280,120,153,7
경남,함안군,교차로내,107,5,165,69,91,5
경남,함안군,교차로부근,65,1,85,36,46,3
경남,함안군,횡단보도상,4,0,4,2,2,0
경남,함안군,횡단보도부근,1,0,1,0,1,0
경남,함안군,기타/불명,6,0,9,3,5,1
경남,창녕군,교량위,2,0,3,2,1,0
경남,창녕군,기타단일로,156,22,217,118,94,5
경남,창녕군,교차로내,129,0,211,87,119,5
경남,창녕군,교차로부근,31,1,44,19,24,1
경남,창녕군,횡단보도상,2,0,2,1,1,0
경남,창녕군,횡단보도부근,1,0,1,1,0,0
경남,창녕군,기타/불명,4,0,5,2,3,0
경남,양산시,교량위,3,0,15,0,15,0
경남,양산시,고가도로위,2,0,2,2,0,0
경남,양산시,지하차도(도로)내,2,0,3,0,3,0
경남,양산시,기타단일로,543,16,766,185,404,177
경남,양산시,교차로내,467,5,696,177,359,160
경남,양산시,교차로부근,192,2,293,79,160,54
경남,양산시,횡단보도상,27,0,27,14,10,3
경남,양산시,횡단보도부근,10,0,20,6,11,3
경남,양산시,기타/불명,108,2,138,41,64,33
경남,고성군,기타단일로,164,12,224,82,140,2
경남,고성군,교차로내,97,9,147,63,84,0
경남,고성군,교차로부근,21,2,32,16,16,0
경남,고성군,횡단보도상,5,0,6,5,1,0
경남,고성군,횡단보도부근,5,1,4,2,2,0
경남,고성군,기타/불명,3,0,5,0,5,0
경남,사천시,교량위,4,3,5,1,4,0
경남,사천시,기타단일로,320,19,487,123,304,60
경남,사천시,교차로내,335,7,580,133,354,93
경남,사천시,교차로부근,97,1,177,41,98,38
경남,사천시,횡단보도상,14,0,15,10,5,0
경남,사천시,횡단보도부근,2,1,1,0,0,1
경남,사천시,기타/불명,1,0,1,0,1,0
경남,남해군,교량위,1,0,3,0,3,0
경남,남해군,지하차도(도로)내,1,0,1,1,0,0
경남,남해군,기타단일로,151,9,243,106,114,23
경남,남해군,교차로내,37,0,58,23,30,5
경남,남해군,교차로부근,16,2,17,12,5,0
경남,남해군,횡단보도상,1,0,1,0,1,0
경남,남해군,기타/불명,2,0,2,1,0,1
경남,하동군,기타단일로,127,11,186,81,91,14
경남,하동군,교차로내,58,1,77,29,44,4
경남,하동군,교차로부근,8,1,8,4,4,0
경남,하동군,횡단보도상,2,0,2,1,1,0
경남,산청군,교량위,2,1,5,2,3,0
경남,산청군,기타단일로,95,7,146,86,45,15
경남,산청군,교차로내,44,1,83,44,34,5
경남,산청군,교차로부근,10,1,14,9,3,2
경남,산청군,기타/불명,1,0,1,1,0,0
경남,함양군,터널안,1,0,8,3,5,0
경남,함양군,교량위,1,0,2,1,0,1
경남,함양군,고가도로위,1,0,3,2,1,0
경남,함양군,기타단일로,90,10,142,65,46,31
경남,함양군,교차로내,67,0,92,48,23,21
경남,함양군,교차로부근,14,0,17,8,6,3
경남,함양군,기타/불명,1,0,1,0,0,1
경남,거창군,교량위,2,0,2,1,1,0
경남,거창군,기타단일로,136,7,166,78,61,27
경남,거창군,교차로내,110,2,145,69,68,8
경남,거창군,교차로부근,16,0,21,10,10,1
경남,거창군,횡단보도상,5,0,6,1,4,1
경남,거창군,횡단보도부근,2,1,1,1,0,0
경남,거창군,기타/불명,1,0,1,1,0,0
경남,합천군,교량위,3,0,4,1,3,0
경남,합천군,기타단일로,114,10,153,73,75,5
경남,합천군,교차로내,45,1,72,41,27,4
경남,합천군,교차로부근,11,0,11,8,3,0
경남,합천군,기타/불명,3,2,1,0,1,0
경남,창원시(통합),터널안,29,0,71,21,48,2
경남,창원시(통합),교량위,8,1,23,3,19,1
경남,창원시(통합),고가도로위,3,0,6,3,3,0
경남,창원시(통합),지하차도(도로)내,5,0,9,2,7,0
경남,창원시(통합),기타단일로,1450,42,2138,738,1310,90
경남,창원시(통합),교차로내,1106,14,1630,566,1013,51
경남,창원시(통합),교차로부근,580,8,864,277,552,35
경남,창원시(통합),횡단보도상,107,6,110,60,47,3
경남,창원시(통합),횡단보도부근,36,0,57,26,25,6
경남,창원시(통합),기타/불명,63,2,76,26,48,2
제주,제주시,교량위,6,0,12,2,10,0
제주,제주시,고가도로위,1,0,1,1,0,0
제주,제주시,기타단일로,1538,31,2330,530,1564,236
제주,제주시,교차로내,1032,14,1653,390,1125,138
제주,제주시,교차로부근,553,2,858,160,607,91
제주,제주시,횡단보도상,150,7,158,59,91,8
제주,제주시,횡단보도부근,22,1,35,8,25,2
제주,제주시,기타/불명,80,3,99,15,70,14
제주,서귀포시,교량위,2,0,4,3,0,1
제주,서귀포시,기타단일로,545,15,829,261,395,173
제주,서귀포시,교차로내,459,11,770,264,397,109
제주,서귀포시,교차로부근,184,5,313,84,189,40
제주,서귀포시,횡단보도상,24,3,24,13,10,1
제주,서귀포시,횡단보도부근,6,0,9,4,5,0
제주,서귀포시,기타/불명,43,1,47,15,23,9
대구,중구,터널안,1,0,1,0,1,0
대구,중구,교량위,2,0,3,0,2,1
대구,중구,지하차도(도로)내,2,0,3,0,3,0
대구,중구,기타단일로,712,5,982,198,637,147
대구,중구,교차로내,223,0,381,87,242,52
대구,중구,교차로부근,232,1,345,81,216,48
대구,중구,횡단보도상,33,0,33,11,12,10
대구,중구,횡단보도부근,10,0,17,5,6,6
대구,중구,기타/불명,4,1,4,1,2,1
대구,동구,터널안,1,0,1,0,1,0
대구,동구,교량위,7,0,14,2,11,1
대구,동구,고가도로위,1,0,1,0,1,0
대구,동구,지하차도(도로)내,1,0,3,0,3,0
대구,동구,기타단일로,949,7,1397,325,969,103
대구,동구,교차로내,429,1,645,149,443,53
대구,동구,교차로부근,250,3,381,79,270,32
대구,동구,횡단보도상,59,4,60,33,27,0
대구,동구,횡단보도부근,8,0,8,5,2,1
대구,동구,기타/불명,32,0,36,10,22,4
대구,서구,터널안,1,0,1,0,1,0
대구,서구,교량위,3,0,3,1,1,1
대구,서구,지하차도(도로)내,3,0,4,3,1,0
대구,서구,기타단일로,791,8,1158,297,763,98
대구,서구,교차로내,309,2,460,126,285,49
대구,서구,교차로부근,219,2,340,89,222,29
대구,서구,횡단보도상,72,1,84,44,30,10
대구,서구,횡단보도부근,35,0,59,17,38,4
대구,서구,기타/불명,18,0,20,3,14,3
대구,남구,교량위,5,0,7,1,5,1
대구,남구,고가도로위,1,0,1,0,1,0
대구,남구,기타단일로,493,4,688,146,481,61
대구,남구,교차로내,224,1,340,96,227,17
대구,남구,교차로부근,157,0,205,37,153,15
대구,남구,횡단보도상,30,2,31,16,15,0
대구,남구,횡단보도부근,12,0,17,8,7,2
대구,남구,기타/불명,50,0,69,27,35,7
대구,북구,터널안,1,0,1,0,0,1
대구,북구,교량위,30,0,66,10,54,2
대구,북구,고가도로위,2,0,2,0,1,1
대구,북구,지하차도(도로)내,1,0,1,0,1,0
대구,북구,기타단일로,1199,14,1727,408,1187,132
대구,북구,교차로내,590,7,904,255,565,84
대구,북구,교차로부근,342,4,478,113,321,44
대구,북구,횡단보도상,124,4,131,65,58,8
대구,북구,횡단보도부근,35,1,47,15,29,3
대구,북구,기타/불명,106,0,133,34,93,6
대구,수성구,터널안,3,0,4,1,2,1
대구,수성구,교량위,6,0,6,1,4,1
대구,수성구,고가도로위,5,0,9,2,7,0
대구,수성구,지하차도(도로)내,2,0,6,3,3,0
대구,수성구,기타단일로,1088,11,1549,419,1006,124
대구,수성구,교차로내,424,5,647,207,385,55
대구,수성구,교차로부근,434,9,650,163,443,44
대구,수성구,횡단보도상,109,3,110,52,52,6
대구,수성구,횡단보도부근,32,1,44,20,21,3
대구,수성구,기타/불명,17,0,18,2,14,2
대구,달서구,터널안,1,0,3,1,1,1
대구,달서구,교량위,1,0,1,0,1,0
대구,달서구,고가도로위,1,0,2,0,2,0
대구,달서구,지하차도(도로)내,1,0,1,0,1,0
대구,달서구,기타단일로,1701,14,2349,510,1648,191
대구,달서구,교차로내,892,8,1392,303,992,97
대구,달서구,교차로부근,573,5,811,152,590,69
대구,달서구,횡단보도상,142,4,150,67,72,11
대구,달서구,횡단보도부근,41,1,47,15,26,6
대구,달서구,기타/불명,140,1,166,36,118,12
대구,달성군,터널안,6,0,20,8,11,1
대구,달성군,교량위,3,0,8,0,8,0
대구,달성군,고가도로위,2,0,2,0,2,0
대구,달성군,기타단일로,340,17,468,164,276,28
대구,달성군,교차로내,257,4,401,122,249,30
대구,달성군,교차로부근,177,6,247,74,159,14
대구,달성군,횡단보도상,9,0,10,8,2,0
대구,달성군,횡단보도부근,7,0,15,3,12,0
대구,달성군,기타/불명,5,0,5,0,4,1
인천,중구,교량위,3,0,5,0,5,0
인천,중구,고가도로위,5,0,5,1,4,0
인천,중구,기타단일로,222,3,361,96,225,40
인천,중구,교차로내,138,4,259,71,161,27
인천,중구,교차로부근,81,4,124,29,84,11
인천,중구,횡단보도상,15,0,16,10,5,1
인천,중구,횡단보도부근,4,0,6,0,3,3
인천,중구,기타/불명,13,0,14,1,11,2
인천,동구,고가도로위,1,0,1,0,1,0
인천,동구,기타단일로,42,1,61,17,40,4
인천,동구,교차로내,51,1,74,27,39,8
인천,동구,교차로부근,26,2,41,13,26,2
인천,동구,횡단보도상,8,1,9,7,2,0
인천,동구,횡단보도부근,2,0,2,0,2,0
인천,동구,기타/불명,3,0,4,0,4,0
인천,남구,터널안,1,0,1,0,1,0
인천,남구,교량위,4,0,8,1,6,1
인천,남구,고가도로위,5,0,7,0,7,0
인천,남구,지하차도(도로)내,2,0,2,0,2,0
인천,남구,기타단일로,667,8,876,180,626,70
인천,남구,교차로내,306,5,491,109,358,24
인천,남구,교차로부근,251,5,398,87,291,20
인천,남구,횡단보도상,38,0,52,16,35,1
인천,남구,횡단보도부근,13,0,23,7,15,1
인천,남구,기타/불명,40,0,47,11,35,1
인천,부평구,교량위,17,0,26,7,17,2
인천,부평구,고가도로위,4,0,8,4,4,0
인천,부평구,지하차도(도로)내,4,0,5,2,3,0
인천,부평구,기타단일로,636,7,930,240,640,50
인천,부평구,교차로내,376,3,587,193,374,20
인천,부평구,교차로부근,304,3,441,109,321,11
인천,부평구,횡단보도상,56,4,58,27,27,4
인천,부평구,횡단보도부근,22,0,33,14,17,2
인천,부평구,기타/불명,28,0,32,11,21,0
인천,남동구,터널안,6,0,8,3,5,0
인천,남동구,교량위,9,0,20,3,17,0
인천,남동구,고가도로위,4,0,5,4,0,1
인천,남동구,지하차도(도로)내,4,0,10,3,7,0
인천,남동구,기타단일로,1079,11,1628,353,1214,61
인천,남동구,교차로내,509,5,822,214,581,27
인천,남동구,교차로부근,280,3,408,93,302,13
인천,남동구,횡단보도상,74,0,78,39,36,3
인천,남동구,횡단보도부근,13,0,13,4,6,3
인천,남동구,기타/불명,1,0,1,1,0,0
인천,서구,터널안,3,0,3,1,1,1
인천,서구,교량위,10,1,58,16,40,2
인천,서구,고가도로위,9,0,23,13,7,3
인천,서구,지하차도(도로)내,7,0,13,3,10,0
인천,서구,기타단일로,690,14,1106,262,784,60
인천,서구,교차로내,356,4,567,146,395,26
인천,서구,교차로부근,242,3,349,81,252,16
인천,서구,횡단보도상,48,2,50,17,27,6
인천,서구,횡단보도부근,28,2,29,12,16,1
인천,서구,기타/불명,11,0,16,5,10,1
인천,연수구,터널안,3,1,4,1,3,0
인천,연수구,교량위,6,2,6,0,6,0
인천,연수구,고가도로위,2,0,4,2,2,0
인천,연수구,지하차도(도로)내,4,0,7,1,5,1
인천,연수구,기타단일로,304,7,450,133,308,9
인천,연수구,교차로내,215,3,329,124,196,9
인천,연수구,교차로부근,131,0,232,48,180,4
인천,연수구,횡단보도상,29,2,29,18,11,0
인천,연수구,횡단보도부근,4,0,4,2,2,0
인천,연수구,기타/불명,8,0,8,3,5,0
인천,계양구,교량위,10,1,15,4,10,1
인천,계양구,고가도로위,1,0,1,0,1,0
인천,계양구,지하차도(도로)내,4,0,6,0,6,0
인천,계양구,기타단일로,428,8,662,187,455,20
인천,계양구,교차로내,322,7,460,168,272,20
인천,계양구,교차로부근,137,2,178,54,118,6
인천,계양구,횡단보도상,33,0,41,17,24,0
인천,계양구,횡단보도부근,24,0,29,13,16,0
인천,계양구,기타/불명,10,0,10,2,7,1
인천,강화군,교량위,1,0,1,1,0,0
인천,강화군,기타단일로,141,4,205,105,94,6
인천,강화군,교차로내,76,0,130,57,70,3
인천,강화군,교차로부근,12,0,21,9,12,0
인천,강화군,횡단보도상,4,0,4,3,1,0
인천,강화군,기타/불명,5,0,9,2,6,1
인천,옹진군,교량위,2,0,3,1,2,0
인천,옹진군,기타단일로,26,1,40,17,21,2
인천,옹진군,교차로내,7,1,11,2,8,1
인천,옹진군,교차로부근,6,0,11,0,11,0
인천,옹진군,횡단보도상,1,1,0,0,0,0
광주,동구,터널안,2,0,3,0,3,0
광주,동구,교량위,3,0,4,3,1,0
광주,동구,고가도로위,1,0,1,0,1,0
광주,동구,기타단일로,321,1,487,58,413,16
광주,동구,교차로내,196,3,333,47,270,16
광주,동구,교차로부근,47,1,79,11,67,1
광주,동구,횡단보도상,17,1,17,8,9,0
광주,동구,횡단보도부근,8,0,12,2,10,0
광주,동구,기타/불명,77,1,107,13,93,1
광주,서구,교량위,5,0,8,1,7,0
광주,서구,고가도로위,2,0,5,0,5,0
광주,서구,지하차도(도로)내,1,0,1,1,0,0
광주,서구,기타단일로,964,15,1434,159,1246,29
광주,서구,교차로내,594,3,1052,161,875,16
광주,서구,교차로부근,470,3,804,79,710,15
광주,서구,횡단보도상,33,2,35,17,18,0
광주,서구,횡단보도부근,5,0,5,1,2,2
광주,서구,기타/불명,25,0,32,5,27,0
광주,북구,교량위,14,0,21,4,17,0
광주,북구,고가도로위,11,0,19,3,15,1
광주,북구,기타단일로,1054,21,1663,236,1396,31
광주,북구,교차로내,636,3,1111,115,965,31
광주,북구,교차로부근,362,2,556,72,466,18
광주,북구,횡단보도상,60,4,64,31,32,1
광주,북구,횡단보도부근,9,0,9,2,5,2
광주,북구,기타/불명,25,0,32,4,26,2
광주,광산구,터널안,4,0,9,0,7,2
광주,광산구,교량위,14,0,42,6,35,1
광주,광산구,고가도로위,2,0,4,1,3,0
광주,광산구,지하차도(도로)내,2,0,3,1,2,0
광주,광산구,기타단일로,872,16,1432,161,1227,44
광주,광산구,교차로내,649,11,1088,148,903,37
광주,광산구,교차로부근,406,0,633,57,564,12
광주,광산구,횡단보도상,25,0,29,8,21,0
광주,광산구,횡단보도부근,6,0,11,0,10,1
광주,광산구,기타/불명,20,0,26,7,16,3
광주,남구,터널안,4,0,6,2,4,0
광주,남구,교량위,4,1,6,0,6,0
광주,남구,고가도로위,10,0,17,4,13,0
광주,남구,기타단일로,452,4,688,78,570,40
광주,남구,교차로내,236,2,402,52,329,21
광주,남구,교차로부근,146,0,222,33,176,13
광주,남구,횡단보도상,29,1,30,9,20,1
광주,남구,횡단보도부근,9,2,10,3,7,0
광주,남구,기타/불명,32,0,44,9,35,0
대전,동구,터널안,2,0,2,1,1,0
대전,동구,교량위,5,0,7,2,5,0
대전,동구,고가도로위,2,0,3,0,3,0
대전,동구,지하차도(도로)내,2,0,2,1,1,0
대전,동구,기타단일로,603,16,861,200,639,22
대전,동구,교차로내,322,3,466,104,355,7
대전,동구,교차로부근,171,0,255,49,201,5
대전,동구,횡단보도상,60,2,63,30,33,0
대전,동구,횡단보도부근,12,1,12,3,9,0
대전,동구,기타/불명,15,0,23,3,19,1
대전,중구,터널안,1,0,2,2,0,0
대전,중구,교량위,6,0,17,5,12,0
대전,중구,고가도로위,8,0,14,5,9,0
대전,중구,기타단일로,565,6,850,198,642,10
대전,중구,교차로내,362,4,583,145,433,5
대전,중구,교차로부근,191,2,308,70,233,5
대전,중구,횡단보도상,52,0,55,32,22,1
대전,중구,횡단보도부근,19,2,23,7,16,0
대전,중구,기타/불명,13,0,15,3,12,0
대전,서구,터널안,3,0,11,2,9,0
대전,서구,교량위,16,0,23,2,20,1
대전,서구,고가도로위,1,0,5,0,5,0
대전,서구,지하차도(도로)내,5,0,8,2,5,1
대전,서구,기타단일로,909,14,1393,257,1092,44
대전,서구,교차로내,745,6,1179,264,898,17
대전,서구,교차로부근,461,3,694,113,560,21
대전,서구,횡단보도상,62,0,66,30,34,2
대전,서구,횡단보도부근,27,0,45,8,34,3
대전,서구,기타/불명,36,0,40,14,26,0
대전,유성구,터널안,2,0,2,0,2,0
대전,유성구,교량위,4,0,5,2,3,0
대전,유성구,고가도로위,2,0,13,1,12,0
대전,유성구,지하차도(도로)내,2,2,2,0,2,0
대전,유성구,기타단일로,582,12,919,205,694,20
대전,유성구,교차로내,482,4,771,175,582,14
대전,유성구,교차로부근,268,4,411,86,317,8
대전,유성구,횡단보도상,53,1,58,27,31,0
대전,유성구,횡단보도부근,24,0,36,6,30,0
대전,유성구,기타/불명,30,0,51,16,33,2
대전,대덕구,교량위,8,0,18,4,13,1
대전,대덕구,고가도로위,8,0,13,3,10,0
대전,대덕구,지하차도(도로)내,1,0,1,1,0,0
대전,대덕구,기타단일로,352,11,486,154,320,12
대전,대덕구,교차로내,211,1,334,94,230,10
대전,대덕구,교차로부근,134,1,196,47,139,10
대전,대덕구,횡단보도상,20,2,19,4,14,1
대전,대덕구,횡단보도부근,8,0,9,3,6,0
대전,대덕구,기타/불명,34,0,44,12,32,0
울산,중구,터널안,1,0,1,1,0,0
울산,중구,교량위,13,0,21,4,17,0
울산,중구,고가도로위,2,0,2,0,1,1
울산,중구,지하차도(도로)내,1,0,1,0,0,1
울산,중구,기타단일로,508,6,727,204,467,56
울산,중구,교차로내,358,4,551,159,334,58
울산,중구,교차로부근,104,1,162,33,117,12
울산,중구,횡단보도상,40,0,41,18,19,4
울산,중구,횡단보도부근,3,0,3,1,2,0
울산,중구,기타/불명,6,0,7,1,5,1
울산,남구,터널안,2,1,5,0,4,1
울산,남구,교량위,11,0,15,4,9,2
울산,남구,기타단일로,694,5,967,249,662,56
울산,남구,교차로내,571,8,836,241,567,28
울산,남구,교차로부근,452,4,654,156,476,22
울산,남구,횡단보도상,38,3,38,20,18,0
울산,남구,횡단보도부근,21,1,31,6,25,0
울산,남구,기타/불명,17,0,18,7,9,2
울산,동구,터널안,1,0,1,0,1,0
울산,동구,교량위,2,0,2,1,1,0
울산,동구,고가도로위,1,0,3,0,3,0
울산,동구,기타단일로,261,7,360,124,228,8
울산,동구,교차로내,180,4,221,89,128,4
울산,동구,교차로부근,121,0,163,54,106,3
울산,동구,횡단보도상,14,0,15,6,9,0
울산,동구,횡단보도부근,2,0,2,1,1,0
울산,동구,기타/불명,10,1,11,4,7,0
울산,북구,터널안,2,0,13,0,12,1
울산,북구,교량위,17,0,24,11,11,2
울산,북구,고가도로위,1,0,2,0,2,0
울산,북구,지하차도(도로)내,1,0,3,1,2,0
울산,북구,기타단일로,453,10,764,213,489,62
울산,북구,교차로내,231,5,354,112,200,42
울산,북구,교차로부근,123,2,210,53,140,17
울산,북구,철길건널목,1,0,1,1,0,0
울산,북구,횡단보도상,13,0,16,8,8,0
울산,북구,횡단보도부근,1,0,2,0,1,1
울산,북구,기타/불명,3,0,4,1,3,0
울산,울주군,교량위,10,0,28,4,23,1
울산,울주군,고가도로위,3,0,6,1,2,3
울산,울주군,지하차도(도로)내,1,0,1,0,0,1
울산,울주군,기타단일로,538,23,873,248,477,148
울산,울주군,교차로내,326,3,460,142,260,58
울산,울주군,교차로부근,189,4,302,92,176,34
울산,울주군,횡단보도상,10,2,9,3,4,2
울산,울주군,횡단보도부근,3,0,3,1,2,0
울산,울주군,기타/불명,8,0,10,1,8,1
세종,세종,터널안,3,0,8,3,5,0
세종,세종,교량위,6,1,10,4,6,0
세종,세종,고가도로위,2,0,3,1,2,0
세종,세종,지하차도(도로)내,1,0,2,0,2,0
세종,세종,기타단일로,238,11,354,139,195,20
세종,세종,교차로내,170,6,312,104,205,3
세종,세종,교차로부근,91,1,171,45,120,6
세종,세종,횡단보도상,20,0,20,14,5,1
세종,세종,횡단보도부근,3,0,4,0,3,1
세종,세종,기타/불명,2,0,3,1,2,0
